Vendor,Brand,DS#,UPC,Product Name,Vendor Item#,Wholesale Cost,Drop Ship Cost,MSRP,Case Qty,# Images,Has Compliance Docs,Supplier ID,Source File,File Path
BLADEZ TOYS,BLADEZ,5531372,5060158854875,Hot Wheels Motorised Track Playset (6pcs),BTHW006,5,,16.99,6,0,No,1501,New Item Setup Sheet 2025 - Bladez Toyz (January 2026).xlsx,products/bladez-toys/DS5531372.json
BLADEZ TOYS,BLADEZ,5531373,5060158856657,Hot Wheels Creative Maker Kitz - Custom Racer Kit Super Van,BTHW-M01V,3.4,,9.99,6,0,No,1501,New Item Setup Sheet 2025 - Bladez Toyz (January 2026).xlsx,products/bladez-toys/DS5531373.json
BLADEZ TOYS,BLADEZ,5531374,5060158856442,Hot Wheels Bumper Activity Set,BTHW-C08,6.3,,19.99,6,0,No,1501,New Item Setup Sheet 2025 - Bladez Toyz (January 2026).xlsx,products/bladez-toys/DS5531374.json
BLADEZ TOYS,BLADEZ,5531375,5060158855780,Hot Wheels Motor Maker Kitz - 4x4 Monster Trucks Kit,BTHW-M04,3.1,,9.99,6,0,No,1501,New Item Setup Sheet 2025 - Bladez Toyz (January 2026).xlsx,products/bladez-toys/DS5531375.json
BLADEZ TOYS,BLADEZ,5531376,5060158854998,Hot Wheels R/C Shark Bite 2 Channel Gyro Helicopter,BTHW-H01,9,,24.99,6,0,No,1501,New Item Setup Sheet 2025 - Bladez Toyz (January 2026).xlsx,products/bladez-toys/DS5531376.json
BLADEZ TOYS,BLADEZ,5531377,5060158856428,Hot Wheels Motor Maker Kitz - Street Racer Kit,BTHW-M11,2.2,,6.99,6,0,No,1501,New Item Setup Sheet 2025 - Bladez Toyz (January 2026).xlsx,products/bladez-toys/DS5531377.json
BLADEZ TOYS,BLADEZ,5531378,5060158855377,Hot Wheels Creative Maker Kitz - Custom Racer Kit Rodger Dodger,BTHW-M01Y,3.4,,9.99,6,0,No,1501,New Item Setup Sheet 2025 - Bladez Toyz (January 2026).xlsx,products/bladez-toys/DS5531378.json
BLADEZ TOYS,BLADEZ,5531379,5060158856268,Hot Wheels TEK Maker Kitz - Motorised Racer Kit,BTHW-ME1,5.95,,19.99,6,0,No,1501,New Item Setup Sheet 2025 - Bladez Toyz (January 2026).xlsx,products/bladez-toys/DS5531379.json
BLADEZ TOYS,BLADEZ,5531380,5060158855964,Hot Wheels Monster Trucks Crash Zone Twin Pack,BTHW-M04T,6.2,,19.99,4,0,No,1501,New Item Setup Sheet 2025 - Bladez Toyz (January 2026).xlsx,products/bladez-toys/DS5531380.json
BLADEZ TOYS,BLADEZ,5531381,5060158856060,Hot Wheels Creative Maker Kitz - Custom Monster Trucks Kit - Town Hauler,BTHW-M04Y,4.8,,14.99,4,0,No,1501,New Item Setup Sheet 2025 - Bladez Toyz (January 2026).xlsx,products/bladez-toys/DS5531381.json
BLADEZ TOYS,BLADEZ,5531382,5060158856831,Hot Wheels Activity Set,BTHW-C10,2,,7.99,6,0,No,1501,New Item Setup Sheet 2025 - Bladez Toyz (January 2026).xlsx,products/bladez-toys/DS5531382.json
BLADEZ TOYS,BLADEZ,5531383,5060158855513,Hot Wheels Motor Maker Kitz - Challenge Accepted Race Kit,BTHW-M02,4.1,,12.99,6,0,No,1501,New Item Setup Sheet 2025 - Bladez Toyz (January 2026).xlsx,products/bladez-toys/DS5531383.json
BLADEZ TOYS,BLADEZ,5531384,5060158856640,Hot Wheels Creative Maker Kitz - Custom Racer Duel Pack,BTHW-M02Y,6.5,,19.99,6,0,No,1501,New Item Setup Sheet 2025 - Bladez Toyz (January 2026).xlsx,products/bladez-toys/DS5531384.json
BLADEZ TOYS,BLADEZ,5531385,5060158858743,Hot Wheels Hawk 24 Racing Drone,HW85874,14.4,,39.99,6,0,No,1501,New Item Setup Sheet 2025 - Bladez Toyz (January 2026).xlsx,products/bladez-toys/DS5531385.json
BLADEZ TOYS,BLADEZ,5531386,5060158857517,Hot Wheels Sticker Activity Set,HW85751,0.85,,2.99,24,0,No,1501,New Item Setup Sheet 2025 - Bladez Toyz (January 2026).xlsx,products/bladez-toys/DS5531386.json
BLADEZ TOYS,BLADEZ,5531387,5061051300346,Hot Wheels Sticker Activity Set (6 Pack),HW85751-6,5,,16.99,192,0,No,1501,New Item Setup Sheet 2025 - Bladez Toyz (January 2026).xlsx,products/bladez-toys/DS5531387.json
BLADEZ TOYS,BLADEZ,5531388,5061051300490,Hot Wheels Sticker Activity Set (12 Pack),HW85751-12,10,,32.99,216,0,No,1501,New Item Setup Sheet 2025 - Bladez Toyz (January 2026).xlsx,products/bladez-toys/DS5531388.json
BLADEZ TOYS,BLADEZ,5531389,5060158857388,Hot Wheels Mini Maker Kitz Monster Trucks,BTHW-PK2,1.2,,3.99,16,0,No,1501,New Item Setup Sheet 2025 - Bladez Toyz (January 2026).xlsx,products/bladez-toys/DS5531389.json
BLADEZ TOYS,BLADEZ,5531390,5061051300360,Hot Wheels Mini Maker Kitz Monster Trucks (3 Pack),BTHW-PK2-3,3.5,,10.99,180,0,No,1501,New Item Setup Sheet 2025 - Bladez Toyz (January 2026).xlsx,products/bladez-toys/DS5531390.json
BLADEZ TOYS,BLADEZ,5531391,5060158858309,Hot Wheels Mini Maker Kitz Monster Trucks (8 Pack),BTHW-PK2-8,9.5,,29.99,192,0,No,1501,New Item Setup Sheet 2025 - Bladez Toyz (January 2026).xlsx,products/bladez-toys/DS5531391.json
BLADEZ TOYS,BLADEZ,5531392,5060158856749,Hot Wheels Mini Maker Kitz,BTHW-PK1,0.85,,2.99,32,0,No,1501,New Item Setup Sheet 2025 - Bladez Toyz (January 2026).xlsx,products/bladez-toys/DS5531392.json
BLADEZ TOYS,BLADEZ,5531393,5061051300377,Hot Wheels Mini Maker Kitz (3 Pack),BTHW-PK1-3,2.5,,7.99,180,0,No,1501,New Item Setup Sheet 2025 - Bladez Toyz (January 2026).xlsx,products/bladez-toys/DS5531393.json
BLADEZ TOYS,BLADEZ,5531394,5060158856800,Hot Wheels Mini Maker Kitz (16 Pack),BTHW-PK1-16,13.5,,44.99,192,0,No,1501,New Item Setup Sheet 2025 - Bladez Toyz (January 2026).xlsx,products/bladez-toys/DS5531394.json
BLADEZ TOYS,BLADEZ,5531395,5061051300001,Hot Wheels Monster Trucks Sticker Activity Set,HW30000,0.85,,2.99,24,0,No,1501,New Item Setup Sheet 2025 - Bladez Toyz (January 2026).xlsx,products/bladez-toys/DS5531395.json
BLADEZ TOYS,BLADEZ,5531396,5061051301350,Hot Wheels Monster Trucks Sticker Activity Set (6 Pack),HW30000-6,5,,16.99,192,0,No,1501,New Item Setup Sheet 2025 - Bladez Toyz (January 2026).xlsx,products/bladez-toys/DS5531396.json
BLADEZ TOYS,BLADEZ,5531397,5061051301367,Hot Wheels Monster Trucks Sticker Activity Set (12 Pack),HW30000-12,10,,32.99,216,0,No,1501,New Item Setup Sheet 2025 - Bladez Toyz (January 2026).xlsx,products/bladez-toys/DS5531397.json
BLADEZ TOYS,BLADEZ,5531398,5060158859689,Bladez RPM R/C Stunt Racer (Green/Grey),BT85968,5.6,,19.99,6,0,No,1501,New Item Setup Sheet 2025 - Bladez Toyz (January 2026).xlsx,products/bladez-toys/DS5531398.json
BLADEZ TOYS,BLADEZ,5531399,5060158859924,Bladez RPM R/C Stunt Racer (Purple/Blue),BT85992,5.6,,19.99,6,0,No,1501,New Item Setup Sheet 2025 - Bladez Toyz (January 2026).xlsx,products/bladez-toys/DS5531399.json
BLADEZ TOYS,BLADEZ,5531400,5061051301039,Bladez RPM R/C 1:10 Mega Monster Truck,BT30103,18.5,,59.99,4,0,No,1501,New Item Setup Sheet 2025 - Bladez Toyz (January 2026).xlsx,products/bladez-toys/DS5531400.json
BLADEZ TOYS,BLADEZ,5531401,5060158859412,Bladez RPM R/C 1:18 Monster Truck,BT85941,6.5,,22.99,6,0,No,1501,New Item Setup Sheet 2025 - Bladez Toyz (January 2026).xlsx,products/bladez-toys/DS5531401.json
BLADEZ TOYS,BLADEZ,5531402,5061051300452,Bladez RPM R/C 1:20 Armoured Racer,BT30045,6.3,,22.99,6,0,No,1501,New Item Setup Sheet 2025 - Bladez Toyz (January 2026).xlsx,products/bladez-toys/DS5531402.json
BLADEZ TOYS,BLADEZ,5531403,5061051300926,Bladez RPM R/C 1:10 Ultimate Racer,BT30092,17.5,,54.99,6,0,No,1501,New Item Setup Sheet 2025 - Bladez Toyz (January 2026).xlsx,products/bladez-toys/DS5531403.json
BLADEZ TOYS,BLADEZ,5531404,5061051300285,Bladez Electronic Whack-A-Mole Style (Yellow/Purple),BT30028,6.9,,19.99,12,0,No,1501,New Item Setup Sheet 2025 - Bladez Toyz (January 2026).xlsx,products/bladez-toys/DS5531404.json
BLADEZ TOYS,BLADEZ,5531405,5061051300292,Bladez Electronic Whack-A-Mole (Blue/Green),BT30029,6.9,,19.99,12,0,No,1501,New Item Setup Sheet 2025 - Bladez Toyz (January 2026).xlsx,products/bladez-toys/DS5531405.json
BLADEZ TOYS,BLADEZ,5531406,5060158859078,Bladez TEK Lazer Tag (Red/Blue),BT85907.R,11,,29.99,6,0,No,1501,New Item Setup Sheet 2025 - Bladez Toyz (January 2026).xlsx,products/bladez-toys/DS5531406.json
BLADEZ TOYS,BLADEZ,5531407,5060158857029,Harry Potter Activity Set,BTHP-C10,2,,7.99,6,0,No,1501,New Item Setup Sheet 2025 - Bladez Toyz (January 2026).xlsx,products/bladez-toys/DS5531407.json
BLADEZ TOYS,BLADEZ,5531408,5060158857104,Harry Potter Creative Maker Kitz - Make Your Own Light Up Weasley Burrow,BTHP-C14,5.95,,19.99,6,0,No,1501,New Item Setup Sheet 2025 - Bladez Toyz (January 2026).xlsx,products/bladez-toys/DS5531408.json
BLADEZ TOYS,BLADEZ,5531409,5060158856305,Harry Potter Creative Maker Kitz - Make Your Own Light-Up Hogwarts,BTHP-C09,5.95,,19.99,6,0,No,1501,New Item Setup Sheet 2025 - Bladez Toyz (January 2026).xlsx,products/bladez-toys/DS5531409.json
BLADEZ TOYS,BLADEZ,5531410,5060158856152,Harry Potter Creative Maker Kitz - Make Your Own Hogwarts Lanterns,BTHP-C04,2.4,,7.99,6,0,No,1501,New Item Setup Sheet 2025 - Bladez Toyz (January 2026).xlsx,products/bladez-toys/DS5531410.json
BLADEZ TOYS,BLADEZ,5531411,5060158856923,Harry Potter Hogwarts Bumper Activity Set,BTHP-C08,6.3,,19.99,6,0,No,1501,New Item Setup Sheet 2025 - Bladez Toyz (January 2026).xlsx,products/bladez-toys/DS5531411.json
BLADEZ TOYS,BLADEZ,5531412,5060158857630,Harry Potter Maker Kitz - Make Your Own Niffler,HP85763,1.5,,5.99,6,0,No,1501,New Item Setup Sheet 2025 - Bladez Toyz (January 2026).xlsx,products/bladez-toys/DS5531412.json
BLADEZ TOYS,BLADEZ,5531413,5060158858354,Harry Potter Maker Kitz - Make Your Own Buckbeak,HP85835,1.5,,5.99,6,0,No,1501,New Item Setup Sheet 2025 - Bladez Toyz (January 2026).xlsx,products/bladez-toys/DS5531413.json
BLADEZ TOYS,BLADEZ,5531414,5060158857623,Harry Potter Maker Kitz - Make Your Own Hedwig,HP85762,1.5,,5.99,6,0,No,1501,New Item Setup Sheet 2025 - Bladez Toyz (January 2026).xlsx,products/bladez-toys/DS5531414.json
BLADEZ TOYS,BLADEZ,5531415,5060158857524,Harry Potter Sticker Activity Set,HP85752,0.85,,2.99,24,0,No,1501,New Item Setup Sheet 2025 - Bladez Toyz (January 2026).xlsx,products/bladez-toys/DS5531415.json
BLADEZ TOYS,BLADEZ,5531416,5061051300339,Harry Potter Sticker Activity Set (6 Pack),HP85752-6,5,,16.99,192,0,No,1501,New Item Setup Sheet 2025 - Bladez Toyz (January 2026).xlsx,products/bladez-toys/DS5531416.json
BLADEZ TOYS,BLADEZ,5531417,5061051300483,Harry Potter Sticker Activity Set (12 Pack),HP85752-12,10,,32.99,216,0,No,1501,New Item Setup Sheet 2025 - Bladez Toyz (January 2026).xlsx,products/bladez-toys/DS5531417.json
BLADEZ TOYS,BLADEZ,5531418,5060158857647,Harry Potter Maker Kitz -  Make Your Own Magical Creatures,HP85764,3.2,,9.99,6,0,No,1501,New Item Setup Sheet 2025 - Bladez Toyz (January 2026).xlsx,products/bladez-toys/DS5531418.json
BLADEZ TOYS,BLADEZ,5531419,5061051300384,Harry Potter Creative Maker Kitz - Make Your Own Knight Bus,HP30038,5.95,,19.99,6,0,No,1501,New Item Setup Sheet 2025 - Bladez Toyz (January 2026).xlsx,products/bladez-toys/DS5531419.json
BLADEZ TOYS,BLADEZ,5531420,5061051300025,Harry Potter Maker Kitz - Make Your Own Dobby,HP30002,1.5,,5.99,6,0,No,1501,New Item Setup Sheet 2025 - Bladez Toyz (January 2026).xlsx,products/bladez-toys/DS5531420.json
BLADEZ TOYS,BLADEZ,5531549,5060158854813,Hot Wheels R/C Drift 'N' Fly Drone,HW85481,18,,49.99,6,0,No,1501,New Item Setup Sheet 2025 - Bladez Toyz (January 2026).xlsx,products/bladez-toys/DS5531549.json
BLADEZ TOYS,BLADEZ,5531550,5061051300674,Hot Wheels Monster Marker Set,HW30067,5.6,,19.99,6,0,No,1501,New Item Setup Sheet 2025 - Bladez Toyz (January 2026).xlsx,products/bladez-toys/DS5531550.json
BLADEZ TOYS,BLADEZ,5531551,5061051301084,Bladez RPM R/C 1:10 Ultimate Racer (Orange/Blue),BT30108,17.5,,54.99,6,0,No,1501,New Item Setup Sheet 2025 - Bladez Toyz (January 2026).xlsx,products/bladez-toys/DS5531551.json
Cactus Games,Apples to Apples,5531362,830938007167,Apples to Apples Bible Edition Game,CGD716,15,,30,6,0,Yes,210,Cactus Games Setup Sheet Template Version 2026.xlsx,products/cactus-games/DS5531362.json
Cactus Games,Bible Inklings,5531367,830938007259,Bible Inklings Trivia Game,CGD725,15,,30,6,0,Yes,210,Cactus Games Setup Sheet Template Version 2026.xlsx,products/cactus-games/DS5531367.json
Cactus Games,Cranium,5531365,830938007297,Cranium Bible Edition Game,CGD729,15,,30,6,0,Yes,210,Cactus Games Setup Sheet Template Version 2026.xlsx,products/cactus-games/DS5531365.json
Cactus Games,Operation,5531366,830938007211,Operation Noah's Ark Edition Game,CGD721,15,,30,4,0,Yes,210,Cactus Games Setup Sheet Template Version 2026.xlsx,products/cactus-games/DS5531366.json
Cactus Games,Outburst,5531363,830938007242,Bible Outburst Game,CGD724,15,,30,6,0,Yes,210,Cactus Games Setup Sheet Template Version 2026.xlsx,products/cactus-games/DS5531363.json
Cactus Games,Scattergories,5531364,830938007280,Scattergories Bible Editon Game,CGD728,15,,30,6,0,Yes,210,Cactus Games Setup Sheet Template Version 2026.xlsx,products/cactus-games/DS5531364.json
Cactus Games,Tales of Glory,5531368,603154505386,Nativity Playset,CGD8220,17.5,,35,4,0,Yes,210,Cactus Games Setup Sheet Template Version 2026.xlsx,products/cactus-games/DS5531368.json
Cactus Games,Tales of Glory,5531369,603154506338,Galilean Boat with Jesus & Apostles Playset,CGD8223,17.5,,35,4,0,Yes,210,Cactus Games Setup Sheet Template Version 2026.xlsx,products/cactus-games/DS5531369.json
Cactus Games,Wee Believers,5531370,853922006618,Louie the Lamb Prayer Buddy,W2017208,15,,30,24,0,Yes,210,Cactus Games Setup Sheet Template Version 2026.xlsx,products/cactus-games/DS5531370.json
Cactus Games,Wee Believers,5531371,853922006632,Liam the Lion Prayer Buddy,W2017203,15,,30,24,0,Yes,210,Cactus Games Setup Sheet Template Version 2026.xlsx,products/cactus-games/DS5531371.json
CANAL TOYS,Airbrush Plush,5529831,850020801930,Airbrush Plush Refill Marker Set – 7 Colors & Stencils,228256,4.19,7.19,8.99,4,8,No,1051,Canal Toys New Item Setup Sheet Template Version 2025 3.25.26.xlsx,products/canal-toys/DS5529831.json
CANAL TOYS,Airbrush Plush,5530496,850041019192,Airbrush Plush Unicorn Paint Bucket Set,228313,11.43,18.74,24.99,6,2,No,1051,Canal Toys New Item Setup Sheet Template Version 2025 3.25.26.xlsx,products/canal-toys/DS5530496.json
CANAL TOYS,Airbrush Plush,5530978,850033017861,Airbrush Plush Panda – Customizable Stuffed Animal Kit,228294,19.17,29.99,39.99,4,11,No,1051,Canal Toys New Item Setup Sheet Template Version 2025 3.25.26.xlsx,products/canal-toys/DS5530978.json
CANAL TOYS,Airbrush Plush,5530979,850033017908,Airbrush Plush Mini Mystery 2-Pack – DIY Plush Decorating Kit,228311,7.92,11.93,16.99,12,11,No,1051,Canal Toys New Item Setup Sheet Template Version 2025 3.25.26.xlsx,products/canal-toys/DS5530979.json
CANAL TOYS,Airbrush Plush,5530980,850041019505,Airbrush Plush Koala – DIY Stuffed Animal Decorating Kit,228349,14.36,21.49,29.99,4,11,No,1051,Canal Toys New Item Setup Sheet Template Version 2025 3.25.26.xlsx,products/canal-toys/DS5530980.json
CANAL TOYS,Airbrush Plush,5530981,850041019512,Airbrush Plush Kitty – DIY Stuffed Animal Decorating Kit,228350,14.36,21.49,29.99,4,11,No,1051,Canal Toys New Item Setup Sheet Template Version 2025 3.25.26.xlsx,products/canal-toys/DS5530981.json
CANAL TOYS,Airbrush Plush,5530983,850060743054,Airbrush Plush Light-Up Cosmic Unicorn with Fortune Teller,228387,15.39,21.49,29.99,4,10,No,1051,Canal Toys New Item Setup Sheet Template Version 2025 3.25.26.xlsx,products/canal-toys/DS5530983.json
CANAL TOYS,Airbrush Plush,5530986,850052337957,Airbrush Plush Neon Puppy – DIY Stuffed Animal Decorating Kit,228412,15.39,21.49,29.99,4,10,No,1051,Canal Toys New Item Setup Sheet Template Version 2025 3.25.26.xlsx,products/canal-toys/DS5530986.json
CANAL TOYS,Airbrush Plush,5530991,850060743238,Airbrush Plush Hair'iffic Squishy Kitty – Styling & Airbrush Kit,AIR040,13.85,18.74,24.99,6,10,No,1051,Canal Toys New Item Setup Sheet Template Version 2025 3.25.26.xlsx,products/canal-toys/DS5530991.json
CANAL TOYS,Airbrush Plush,5530992,850060743733,Airbrush Plush Hair'iffic Hair Salon & Squishy Plush Styling Set,AIR044,21.69,29.99,39.99,4,10,No,1051,Canal Toys New Item Setup Sheet Template Version 2025 3.25.26.xlsx,products/canal-toys/DS5530992.json
CANAL TOYS,Airbrush Plush,5530993,850060743559,Airbrush Plush Light-Up Axolotl – DIY Mood Light Plush Kit,AIR049,18.67,21.49,29.99,4,10,No,1051,Canal Toys New Item Setup Sheet Template Version 2025 3.25.26.xlsx,products/canal-toys/DS5530993.json
CANAL TOYS,Airbrush Plush,5530994,850068897995,Airbrush Plush Kawaii Bear – DIY Squishy Plush Decorating Kit,AIR067,18.12,21.49,29.99,4,10,No,1051,Canal Toys New Item Setup Sheet Template Version 2025 3.25.26.xlsx,products/canal-toys/DS5530994.json
CANAL TOYS,Airbrush Plush,5530995,850060743788,Art Lab by Canal Toys Fluffy Puffy Paint Studio,ART017,15.82,21.49,29.99,6,10,No,1051,Canal Toys New Item Setup Sheet Template Version 2025 3.25.26.xlsx,products/canal-toys/DS5530995.json
CANAL TOYS,Doodle,5530999,850060743825,"Doodle Copy Machine – Trace, Print & Color Drawing Toy",LIT004,19.13,24.5,34.99,4,10,No,1051,Canal Toys New Item Setup Sheet Template Version 2025 3.25.26.xlsx,products/canal-toys/DS5530999.json
CANAL TOYS,Paw Patrol,5530989,850052337742,Paw Patrol Instant Print Camera for Kids,777001,45.36,51.99,59.99,4,11,No,1051,Canal Toys New Item Setup Sheet Template Version 2025 3.25.26.xlsx,products/canal-toys/DS5530989.json
CANAL TOYS,Photo Creator,5529941,850020801756,Photo Creator Kids Instant Print Camera,872008,34.42,42.99,49.99,4,9,No,1051,Canal Toys New Item Setup Sheet Template Version 2025 3.25.26.xlsx,products/canal-toys/DS5529941.json
CANAL TOYS,Photo Creator,5530990,850041019895,Photo Creator Instant Camera Thermal Paper Refill – 10 Rolls,872083,5.89,8.11,9.99,12,10,No,1051,Canal Toys New Item Setup Sheet Template Version 2025 3.25.26.xlsx,products/canal-toys/DS5530990.json
CANAL TOYS,Photo Creator,5530996,850068897988,Photo Creator Instant Print Camera – Pink Edition,CLK055,48.73,55.99,69.99,4,9,No,1051,Canal Toys New Item Setup Sheet Template Version 2025 3.25.26.xlsx,products/canal-toys/DS5530996.json
CANAL TOYS,Photo Creator,5530997,850068897889,Real Mini Camera – Original Style Digital Keychain Camera,CLK058,10.55,16,19.99,6,10,No,1051,Canal Toys New Item Setup Sheet Template Version 2025 3.25.26.xlsx,products/canal-toys/DS5530997.json
CANAL TOYS,Photo Creator,5530998,850068897896,Real Mini Camera – Compact Style Digital Keychain Camera,CLK061,10.55,16,19.99,6,9,No,1051,Canal Toys New Item Setup Sheet Template Version 2025 3.25.26.xlsx,products/canal-toys/DS5530998.json
CANAL TOYS,So Slime,5526590,851786007567,So Slime DIY Slime Case Shaker Storage Set,277006,10.8,16.74,24.99,4,8,No,1051,Canal Toys New Item Setup Sheet Template Version 2025 3.25.26.xlsx,products/canal-toys/DS5526590.json
CANAL TOYS,So Slime,5526591,851786007253,So Slime DIY Slime Factory – Just Add Water!,277004,12.15,18.74,24.99,6,1,No,1051,Canal Toys New Item Setup Sheet Template Version 2025 3.25.26.xlsx,products/canal-toys/DS5526591.json
CANAL TOYS,So Slime,5527199,851786007611,So Slime DIY Slime Factory – Bold & Creepy Edition,277018,12.15,18.74,24.99,6,3,No,1051,Canal Toys New Item Setup Sheet Template Version 2025 3.25.26.xlsx,products/canal-toys/DS5527199.json
CANAL TOYS,So Slime,5530498,850033017717,So Slime DIY Sensory Slime Factory,277186,15.61,21.49,29.99,6,3,No,1051,Canal Toys New Item Setup Sheet Template Version 2025 3.25.26.xlsx,products/canal-toys/DS5530498.json
CANAL TOYS,So Slime,5530501,850033017694,So Slime DIY Glow-in-the-Dark Lava Slime 5-Pack,277216,11.93,16.74,24.99,6,3,No,1051,Canal Toys New Item Setup Sheet Template Version 2025 3.25.26.xlsx,products/canal-toys/DS5530501.json
CANAL TOYS,So Slime,5530503,850041019680,So Slime DIY Marble Mix & Twist Slime Kit,277263,17.3,24.5,34.99,4,10,No,1051,Canal Toys New Item Setup Sheet Template Version 2025 3.25.26.xlsx,products/canal-toys/DS5530503.json
CANAL TOYS,So Slime,5530987,851786007918,So Slime DIY Slime'licious Scented Slime Station,277063,13.23,18.74,24.99,6,11,No,1051,Canal Toys New Item Setup Sheet Template Version 2025 3.25.26.xlsx,products/canal-toys/DS5530987.json
CANAL TOYS,So Slime,5530988,850060743061,So Slime DIY Slime'spresso Café Slime Making Machine,277295,14.65,21.49,29.99,4,10,No,1051,Canal Toys New Item Setup Sheet Template Version 2025 3.25.26.xlsx,products/canal-toys/DS5530988.json
CANAL TOYS,Studio Creator,5528927,855635005766,"Studio Creator Video Maker Kit with Ring Light, Tripod & Green Screen",872001,11.7,16.5,19.99,4,11,No,1051,Canal Toys New Item Setup Sheet Template Version 2025 3.25.26.xlsx,products/canal-toys/DS5528927.json
CANAL TOYS,Studio Creator,5529320,850020801466,Studio Creator V2 Video Maker Kit with LED Ring Light & Green Screen,872006,11.7,18,22.99,4,11,No,1051,Canal Toys New Item Setup Sheet Template Version 2025 3.25.26.xlsx,products/canal-toys/DS5529320.json
CANAL TOYS,Studio Creator,5530505,850041019116,Studio Creator 360° Video Maker Kit with Motion Tracking,872064,22.5,27,29.99,4,9,No,1051,Canal Toys New Item Setup Sheet Template Version 2025 3.25.26.xlsx,products/canal-toys/DS5530505.json
CANAL TOYS,Studio Creator,5530506,850041019109,Studio Creator Podcast & Vlog Kit with Microphone & LED Light,872074,10.94,18.74,24.99,6,11,No,1051,Canal Toys New Item Setup Sheet Template Version 2025 3.25.26.xlsx,products/canal-toys/DS5530506.json
CANAL TOYS,Style 4 Ever,5528695,851786007291,Style 4 Ever DIY Lava Lamp Kit,228157,12.87,21.4526,28.99,6,9,No,1051,Canal Toys New Item Setup Sheet Template Version 2025 3.25.26.xlsx,products/canal-toys/DS5528695.json
CANAL TOYS,Style 4 Ever,5530977,850020801404,Style 4 Ever Fashion Design Studio,228212,12.41,21.4526,28.99,6,11,No,1051,Canal Toys New Item Setup Sheet Template Version 2025 3.25.26.xlsx,products/canal-toys/DS5530977.json
CANAL TOYS,Style 4 Ever,5530982,850041019666,Style 4 Ever 3-in-1 Scrapbooking Station,228351,13.28,19.87,26.99,4,11,No,1051,Canal Toys New Item Setup Sheet Template Version 2025 3.25.26.xlsx,products/canal-toys/DS5530982.json
CANAL TOYS,Style 4 Ever,5530984,850052337384,Style 4 Ever Diamond Art Lamp Set – Unicorn & Butterfly,228391,7.3,11.15,14.99,6,10,No,1051,Canal Toys New Item Setup Sheet Template Version 2025 3.25.26.xlsx,products/canal-toys/DS5530984.json
CANAL TOYS,Style 4 Ever,5530985,850052337391,Style 4 Ever Diamond Art 4-in-1 Studio with LED Drawing Board,228392,12.29,18.74,24.99,4,10,No,1051,Canal Toys New Item Setup Sheet Template Version 2025 3.25.26.xlsx,products/canal-toys/DS5530985.json
CANAL TOYS,Style 4 Ever,5531000,850068897858,Style 4 Ever Mini Camera Backpack Charm Kit with Beads,OFG361,11.88,16,19.99,6,10,No,1051,Canal Toys New Item Setup Sheet Template Version 2025 3.25.26.xlsx,products/canal-toys/DS5531000.json
Family Games America,FGA,5531454,086453006011,PARADUX,FG0000601,20,,39.99,6,0,No,2059,2nd_Family Games America_New Item Setup Sheet Template Version 2026 Games.xlsx,products/family-games-america/DS5531454.json
Family Games America,FGA,5531455,086453006028,ONE UP,FG0000602,20,,39.99,6,0,No,2059,2nd_Family Games America_New Item Setup Sheet Template Version 2026 Games.xlsx,products/family-games-america/DS5531455.json
Family Games America,FGA,5531456,086453006110,INVERSE,FG0000611,20,,39.99,6,0,No,2059,2nd_Family Games America_New Item Setup Sheet Template Version 2026 Games.xlsx,products/family-games-america/DS5531456.json
Family Games America,FGA,5531457,086453006257,QUIRKY,FG0000625,20,,39.99,6,0,No,2059,2nd_Family Games America_New Item Setup Sheet Template Version 2026 Games.xlsx,products/family-games-america/DS5531457.json
Family Games America,FGA,5531458,086453008022,MARK MY WORDS,FG0000802,15,,29.99,6,0,No,2059,2nd_Family Games America_New Item Setup Sheet Template Version 2026 Games.xlsx,products/family-games-america/DS5531458.json
Family Games America,FGA,5531463,086453200938,DON'T COUNT ON IT -ORIGINAL,FG0020093,10,,19.99,6,0,No,2059,2nd_Family Games America_New Item Setup Sheet Template Version 2026 Games.xlsx,products/family-games-america/DS5531463.json
Family Games America,FGA,5531464,086453200990,DON'T BREAK THE BOTTLE WINE PUZZLE - ORIGINAL,FG0020099,12.5,,24.99,6,0,No,2059,2nd_Family Games America_New Item Setup Sheet Template Version 2026 Games.xlsx,products/family-games-america/DS5531464.json
Family Games America,FGA,5531465,086453201010,DON'T BREAK THE BOTTLE WINE PUZZLE - CORKSCREW,FG0020101,15,,29.99,6,0,No,2059,2nd_Family Games America_New Item Setup Sheet Template Version 2026 Games.xlsx,products/family-games-america/DS5531465.json
Family Games America,FGA,5531466,086453201089,GUZZLER DRINKING GAMES,FG0020108,10,,19.99,6,0,No,2059,2nd_Family Games America_New Item Setup Sheet Template Version 2026 Games.xlsx,products/family-games-america/DS5531466.json
Family Games America,MATHABLE,5531459,086453050014,MATHABLE DELUXE,FG0005001,15,,29.99,6,0,No,2059,2nd_Family Games America_New Item Setup Sheet Template Version 2026 Games.xlsx,products/family-games-america/DS5531459.json
Family Games America,MATHABLE,5531460,086453050021,MATHABLE DOMINO,FG0005002,12.5,,24.99,6,0,No,2059,2nd_Family Games America_New Item Setup Sheet Template Version 2026 Games.xlsx,products/family-games-america/DS5531460.json
Family Games America,MATHABLE,5531461,086453050045,MATHABLE CLASSIC,FG0005004,10,,19.99,6,0,No,2059,2nd_Family Games America_New Item Setup Sheet Template Version 2026 Games.xlsx,products/family-games-america/DS5531461.json
Family Games America,MATHABLE,5531462,086453050069,MATHABLE JR.,FG0005006,10,,19.99,6,0,No,2059,2nd_Family Games America_New Item Setup Sheet Template Version 2026 Games.xlsx,products/family-games-america/DS5531462.json
Family Games America,Matchitecture,5531422,061404066023,MATCHITECTURE - GLUE - 120 ML /4 OZ,MATCH6602,,,4.99,12,0,No,2059,Family Games America New Item Setup Sheet Template Version 2025-1-1.xlsx,products/family-games-america/DS5531422.json
Family Games America,Matchitecture,5531423,061404066054,MATCHITECTURE - MICROBEAM REFILL KIT,MATCH6605,,,24.99,6,0,No,2059,Family Games America New Item Setup Sheet Template Version 2025-1-1.xlsx,products/family-games-america/DS5531423.json
Family Games America,Matchitecture,5531424,061404066108,MATCHITECTURE - FOKKER DR1 TRIPLANE - 1050 PCS.,MATCH6610,,,34.99,4,0,No,2059,Family Games America New Item Setup Sheet Template Version 2025-1-1.xlsx,products/family-games-america/DS5531424.json
Family Games America,Matchitecture,5531425,061404066115,MATCHITECTURE - EIFFEL TOWER - 1150 PCS.,MATCH6611,,,34.99,4,0,No,2059,Family Games America New Item Setup Sheet Template Version 2025-1-1.xlsx,products/family-games-america/DS5531425.json
Family Games America,Matchitecture,5531426,061404066139,MATCHITECTURE - GOLD RUSH TRAIN - 1800 PCS.,MATCH6613,,,49.99,4,0,No,2059,Family Games America New Item Setup Sheet Template Version 2025-1-1.xlsx,products/family-games-america/DS5531426.json
Family Games America,Matchitecture,5531427,061404066146,MATCHITECTURE - STATUE OF LIBERTY - 1250 PCS.,MATCH6614,,,34.99,4,0,No,2059,Family Games America New Item Setup Sheet Template Version 2025-1-1.xlsx,products/family-games-america/DS5531427.json
Family Games America,Matchitecture,5531428,061404066153,MATCHITECTURE - FIRE TRUCK - 1600 PCS.,MATCH6615,,,34.99,4,0,No,2059,Family Games America New Item Setup Sheet Template Version 2025-1-1.xlsx,products/family-games-america/DS5531428.json
Family Games America,Matchitecture,5531429,061404066160,MATCHITECTURE - ANTIQUE CAR - 1150 PCS.,MATCH6616,,,34.99,4,0,No,2059,Family Games America New Item Setup Sheet Template Version 2025-1-1.xlsx,products/family-games-america/DS5531429.json
Family Games America,Matchitecture,5531430,061404066177,MATCHITECTURE - ARC DE TRIOMPHE - 1750 PCS.,MATCH6617,,,34.99,4,0,No,2059,Family Games America New Item Setup Sheet Template Version 2025-1-1.xlsx,products/family-games-america/DS5531430.json
Family Games America,Matchitecture,5531431,061404066184,MATCHITECTURE - BIG BEN - 1250 PCS.,MATCH6618,,,34.99,4,0,No,2059,Family Games America New Item Setup Sheet Template Version 2025-1-1.xlsx,products/family-games-america/DS5531431.json
Family Games America,Matchitecture,5531432,061404066191,MATCHITECTURE - TOWER OF PISA - 2300 PCS.,MATCH6619,,,49.99,4,0,No,2059,Family Games America New Item Setup Sheet Template Version 2025-1-1.xlsx,products/family-games-america/DS5531432.json
Family Games America,Matchitecture,5531433,061404066207,MATCHITECTURE - THE QUEBEC BRIDGE -  2150 PCS.,MATCH6620,,,49.99,4,0,No,2059,Family Games America New Item Setup Sheet Template Version 2025-1-1.xlsx,products/family-games-america/DS5531433.json
Family Games America,Matchitecture,5531434,061404066214,MATCHITECTURE - WINDMILL - 2700 PCS.,MATCH6621,,,49.99,4,0,No,2059,Family Games America New Item Setup Sheet Template Version 2025-1-1.xlsx,products/family-games-america/DS5531434.json
Family Games America,Matchitecture,5531435,061404066221,MATCHITECTURE - BIG RIG TRUCK - 2000 PCS.,MATCH6622,,,49.99,4,0,No,2059,Family Games America New Item Setup Sheet Template Version 2025-1-1.xlsx,products/family-games-america/DS5531435.json
Family Games America,Matchitecture,5531436,061404066238,MATCHITECTURE - COUNTRY HOUSE - 2300 PCS.,MATCH6623,,,49.99,4,0,No,2059,Family Games America New Item Setup Sheet Template Version 2025-1-1.xlsx,products/family-games-america/DS5531436.json
Family Games America,Matchitecture,5531437,061404066245,MATCHITECTURE - 1001 NIGHTS - 1550 PCS.,MATCH6624,,,34.99,4,0,No,2059,Family Games America New Item Setup Sheet Template Version 2025-1-1.xlsx,products/family-games-america/DS5531437.json
Family Games America,Matchitecture,5531438,061404066269,MATCHITECTURE - THE WHITE HOUSE - 1900 PCS.,MATCH6626,,,49.99,4,0,No,2059,Family Games America New Item Setup Sheet Template Version 2025-1-1.xlsx,products/family-games-america/DS5531438.json
Family Games America,Matchitecture,5531439,061404066306,MATCHITECTURE - MISSISSIPPI RIVERBOAT - 4500 PCS.,MATCH6630,,,79.99,2,0,No,2059,Family Games America New Item Setup Sheet Template Version 2025-1-1.xlsx,products/family-games-america/DS5531439.json
Family Games America,Matchitecture,5531440,061404066313,MATCHITECTURE - LONDON BRIDGE - 5000 PCS.,MATCH6631,,,79.99,2,0,No,2059,Family Games America New Item Setup Sheet Template Version 2025-1-1.xlsx,products/family-games-america/DS5531440.json
Family Games America,Matchitecture,5531441,061404066351,MATCHITECTURE - TAJ MAHAL - 7500 PCS.,MATCH6635,,,99.99,2,0,No,2059,Family Games America New Item Setup Sheet Template Version 2025-1-1.xlsx,products/family-games-america/DS5531441.json
Family Games America,Matchitecture,5531442,061404066368,MATCHITECTURE - NOTRE DAME CATHEDRAL - 7500 PCS.,MATCH6636,,,99.99,2,0,No,2059,Family Games America New Item Setup Sheet Template Version 2025-1-1.xlsx,products/family-games-america/DS5531442.json
Family Games America,Matchitecture,5531443,061404066405,MATCHITECTURE - BULLDOZER - 500 PCS.,MATCH6640,,,24.99,6,0,No,2059,Family Games America New Item Setup Sheet Template Version 2025-1-1.xlsx,products/family-games-america/DS5531443.json
Family Games America,Matchitecture,5531444,061404066412,MATCHITECTURE - MECHANICAL DIGGER - 500 PCS.,MATCH6641,,,24.99,6,0,No,2059,Family Games America New Item Setup Sheet Template Version 2025-1-1.xlsx,products/family-games-america/DS5531444.json
Family Games America,Matchitecture,5531445,061404066429,MATCHITECTURE - JAPANESE BRIDGE - 500 PCS.,MATCH6642,,,24.99,6,0,No,2059,Family Games America New Item Setup Sheet Template Version 2025-1-1.xlsx,products/family-games-america/DS5531445.json
Family Games America,Matchitecture,5531446,061404066436,MATCHITECTURE - CHINESE JUNK - 500 PCS.,MATCH6643,,,24.99,6,0,No,2059,Family Games America New Item Setup Sheet Template Version 2025-1-1.xlsx,products/family-games-america/DS5531446.json
Family Games America,Matchitecture,5531447,061404066467,MATCHITECTURE - RESCUE HELICOPTER - 500 PCS.,MATCH6646,,,24.99,6,0,No,2059,Family Games America New Item Setup Sheet Template Version 2025-1-1.xlsx,products/family-games-america/DS5531447.json
Family Games America,Matchitecture,5531448,061404066474,MATCHITECTURE - EMPIRE STATE BUILDING - 650 PCS.,MATCH6647,,,24.99,6,0,No,2059,Family Games America New Item Setup Sheet Template Version 2025-1-1.xlsx,products/family-games-america/DS5531448.json
Family Games America,Matchitecture,5531449,061404066481,MATCHITECTURE - CHRYSLER BUILDING - 850 PCS.,MATCH6648,,,24.99,6,0,No,2059,Family Games America New Item Setup Sheet Template Version 2025-1-1.xlsx,products/family-games-america/DS5531449.json
Family Games America,Matchitecture,5531450,061404066498,MATCHITECTURE - MOTORCYCLE - 700 PCS.,MATCH6649,,,24.99,6,0,No,2059,Family Games America New Item Setup Sheet Template Version 2025-1-1.xlsx,products/family-games-america/DS5531450.json
Family Games America,ROLL-O-PUZZ,5531451,061404007668,ROLL-O-PUZZ PUZZLE MAT - CLASSIC SIZE,BJTS00766,12.5,,24.99,6,0,No,2059,2nd_Family Games America_New Item Setup Sheet Template Version 2026 Games.xlsx,products/family-games-america/DS5531451.json
Family Games America,ROLL-O-PUZZ,5531452,061404008016,ROLL-O-PUZZ PUZZLE MAT - DELUXE SIZE,BJTS00801,15,,29.99,6,0,No,2059,2nd_Family Games America_New Item Setup Sheet Template Version 2026 Games.xlsx,products/family-games-america/DS5531452.json
Family Games America,ROLL-O-PUZZ,5531453,061404008108,ROLL-O-PUZZ PUZZLE MAT - COMPACT SIZE,BJTS00810,12.5,,24.99,6,0,No,2059,2nd_Family Games America_New Item Setup Sheet Template Version 2026 Games.xlsx,products/family-games-america/DS5531453.json
First 4 Figures,FiGGYZ,5531073,5061062270003,FiGGYZ - Street Fighter 2 - Ryu,FSF2RY01,4.55,11.19,15.99,40,1,No,2056,V2 First4figures New Item Setup Sheet Template Version 2025.xlsx,products/first-4-figures/DS5531073.json
First 4 Figures,FiGGYZ,5531074,5061062270010,FiGGYZ - Street Fighter 2 - Chun Li,FSF2CL01,4.55,11.19,15.99,40,1,No,2056,V2 First4figures New Item Setup Sheet Template Version 2025.xlsx,products/first-4-figures/DS5531074.json
First 4 Figures,FiGGYZ,5531075,5061062270027,FiGGYZ - Street Fighter 2 - Ken,FSF2KE01,4.55,11.19,15.99,40,1,No,2056,V2 First4figures New Item Setup Sheet Template Version 2025.xlsx,products/first-4-figures/DS5531075.json
First 4 Figures,FiGGYZ,5531076,5061062270034,FiGGYZ - Street Fighter 2 - Guile,FSF2GU01,4.55,11.19,15.99,40,1,No,2056,V2 First4figures New Item Setup Sheet Template Version 2025.xlsx,products/first-4-figures/DS5531076.json
First 4 Figures,FiGGYZ,5531077,5061062270041,FiGGYZ - Yu-Gi-Oh! - Yami Yugi,FYGOYY01,4.55,11.19,15.99,40,1,No,2056,V2 First4figures New Item Setup Sheet Template Version 2025.xlsx,products/first-4-figures/DS5531077.json
First 4 Figures,FiGGYZ,5531078,5061062270058,FiGGYZ - Yu-Gi-Oh! - Dark Magician,FYGODM01,4.55,11.19,15.99,40,1,No,2056,V2 First4figures New Item Setup Sheet Template Version 2025.xlsx,products/first-4-figures/DS5531078.json
First 4 Figures,FiGGYZ,5531079,5061062270065,FiGGYZ - Yu-Gi-Oh! - Dark Magician Girl,FYGODG01,4.55,11.19,15.99,40,1,No,2056,V2 First4figures New Item Setup Sheet Template Version 2025.xlsx,products/first-4-figures/DS5531079.json
First 4 Figures,FiGGYZ,5531080,5061062270072,FiGGYZ - Yu-Gi-Oh! - Black Luster Soldier,FYGOBL01,4.55,11.19,15.99,40,1,No,2056,V2 First4figures New Item Setup Sheet Template Version 2025.xlsx,products/first-4-figures/DS5531080.json
First 4 Figures,FiGGYZ,5531081,5061062270089,FiGGYZ - Frieren: Beyond Journey's End - Frieren,FFRIFR01,4.55,11.19,15.99,40,1,No,2056,V2 First4figures New Item Setup Sheet Template Version 2025.xlsx,products/first-4-figures/DS5531081.json
First 4 Figures,FiGGYZ,5531082,5061062270096,FiGGYZ - Frieren: Beyond Journey's End - Fern,FFRIFE01,4.55,11.19,15.99,40,1,No,2056,V2 First4figures New Item Setup Sheet Template Version 2025.xlsx,products/first-4-figures/DS5531082.json
First 4 Figures,FiGGYZ,5531083,5061062270102,FiGGYZ - Frieren: Beyond Journey's End - Stark,FFRIST01,4.55,11.19,15.99,40,1,No,2056,V2 First4figures New Item Setup Sheet Template Version 2025.xlsx,products/first-4-figures/DS5531083.json
First 4 Figures,FiGGYZ,5531084,5061062270119,FiGGYZ - Sea of Thieves - Captain Flameheart,FSOTCF01,4.55,11.19,15.99,40,1,No,2056,V2 First4figures New Item Setup Sheet Template Version 2025.xlsx,products/first-4-figures/DS5531084.json
First 4 Figures,FiGGYZ,5531085,5061062270126,FiGGYZ - Sea of Thieves - Captain Briggsy,FSOTCB01,4.55,11.19,15.99,40,1,No,2056,V2 First4figures New Item Setup Sheet Template Version 2025.xlsx,products/first-4-figures/DS5531085.json
First 4 Figures,FiGGYZ,5531086,5061062270133,FiGGYZ - Sea of Thieves - The Gold Hoarder,FSOTGH01,4.55,11.19,15.99,40,1,No,2056,V2 First4figures New Item Setup Sheet Template Version 2025.xlsx,products/first-4-figures/DS5531086.json
First 4 Figures,FiGGYZ,5531087,5061062270140,FiGGYZ - Castlevania - Shanoa,FCASSH01,4.55,11.19,15.99,40,1,No,2056,V2 First4figures New Item Setup Sheet Template Version 2025.xlsx,products/first-4-figures/DS5531087.json
First 4 Figures,FiGGYZ,5531088,5061062270157,FiGGYZ - Castlevania - Jonathan Morris,FCASJM01,4.55,11.19,15.99,40,1,No,2056,V2 First4figures New Item Setup Sheet Template Version 2025.xlsx,products/first-4-figures/DS5531088.json
First 4 Figures,FiGGYZ,5531089,5061062270164,FiGGYZ - Castlevania - Soma Cruz,FCASSC01,4.55,11.19,15.99,40,1,No,2056,V2 First4figures New Item Setup Sheet Template Version 2025.xlsx,products/first-4-figures/DS5531089.json
First 4 Figures,FiGGYZ,5531090,5061062270171,FiGGYZ - Metaphor: ReFantazio - Protagonist,FMREPR01,4.55,11.19,15.99,40,1,No,2056,V2 First4figures New Item Setup Sheet Template Version 2025.xlsx,products/first-4-figures/DS5531090.json
First 4 Figures,FiGGYZ,5531091,5061062270188,FiGGYZ - Metaphor: ReFantazio - Gallica,FMREGA01,4.55,11.19,15.99,40,1,No,2056,V2 First4figures New Item Setup Sheet Template Version 2025.xlsx,products/first-4-figures/DS5531091.json
First 4 Figures,FiGGYZ,5531092,5061062270195,FiGGYZ - Metaphor: ReFantazio - Strohl,FMREST01,4.55,11.19,15.99,40,1,No,2056,V2 First4figures New Item Setup Sheet Template Version 2025.xlsx,products/first-4-figures/DS5531092.json
First 4 Figures,FiGGYZ,5531093,5061062270201,FiGGYZ - Metaphor: ReFantazio - Hulkenberg,FMREHU01,4.55,11.19,15.99,40,1,No,2056,V2 First4figures New Item Setup Sheet Template Version 2025.xlsx,products/first-4-figures/DS5531093.json
First 4 Figures,FiGGYZ,5531094,5061062270218,FiGGYZ - Metaphor: ReFantazio - Heismay,FMREHE01,4.55,11.19,15.99,40,1,No,2056,V2 First4figures New Item Setup Sheet Template Version 2025.xlsx,products/first-4-figures/DS5531094.json
First 4 Figures,FiGGYZ,5531095,5061062270225,FiGGYZ - Sonic the Hedgehog (Classic) - Sonic,FSNCSO01,4.55,11.19,15.99,40,1,No,2056,V2 First4figures New Item Setup Sheet Template Version 2025.xlsx,products/first-4-figures/DS5531095.json
First 4 Figures,FiGGYZ,5531096,5061062270232,FiGGYZ - Sonic the Hedgehog (Classic) - Tails,FSNCTA01,4.55,11.19,15.99,40,1,No,2056,V2 First4figures New Item Setup Sheet Template Version 2025.xlsx,products/first-4-figures/DS5531096.json
First 4 Figures,FiGGYZ,5531097,5061062270249,FiGGYZ - Sonic the Hedgehog (Classic) - Knuckles,FSNCKN01,4.55,11.19,15.99,40,1,No,2056,V2 First4figures New Item Setup Sheet Template Version 2025.xlsx,products/first-4-figures/DS5531097.json
First 4 Figures,FiGGYZ,5531098,5061062270256,FiGGYZ - Sonic the Hedgehog (Classic) - Metal Sonic,FSNCMS01,4.55,11.19,15.99,40,1,No,2056,V2 First4figures New Item Setup Sheet Template Version 2025.xlsx,products/first-4-figures/DS5531098.json
First 4 Figures,FiGGYZ,5531099,5061062270263,FiGGYZ - Cowboy Bebop - Spike Spiegel,FCBBSS01,4.55,11.19,15.99,40,1,No,2056,V2 First4figures New Item Setup Sheet Template Version 2025.xlsx,products/first-4-figures/DS5531099.json
First 4 Figures,FiGGYZ,5531100,5061062270270,FiGGYZ - Cowboy Bebop - Jet Black,FCBBJB01,4.55,11.19,15.99,40,1,No,2056,V2 First4figures New Item Setup Sheet Template Version 2025.xlsx,products/first-4-figures/DS5531100.json
First 4 Figures,FiGGYZ,5531101,5061062270287,FiGGYZ - Cowboy Bebop - Faye Valentine,FCBBFV01,4.55,11.19,15.99,40,1,No,2056,V2 First4figures New Item Setup Sheet Template Version 2025.xlsx,products/first-4-figures/DS5531101.json
First 4 Figures,FiGGYZ,5531102,5061062270294,FiGGYZ - Cowboy Bebop - Ed & Ein,FCBBEE01,4.55,11.19,15.99,40,1,No,2056,V2 First4figures New Item Setup Sheet Template Version 2025.xlsx,products/first-4-figures/DS5531102.json
First 4 Figures,FiGGYZ,5531103,5061062270300,FiGGYZ - Banjo-Kazooie - Banjo,FBJKBA01,4.55,11.19,15.99,40,1,No,2056,V2 First4figures New Item Setup Sheet Template Version 2025.xlsx,products/first-4-figures/DS5531103.json
First 4 Figures,FiGGYZ,5531104,5061062270317,FiGGYZ - Banjo-Kazooie - Kazooie,FBJKKA01,4.55,11.19,15.99,40,1,No,2056,V2 First4figures New Item Setup Sheet Template Version 2025.xlsx,products/first-4-figures/DS5531104.json
First 4 Figures,FiGGYZ,5531105,5061062270324,FiGGYZ - Banjo-Kazooie - Gruntilda,FBJKGR01,4.55,11.19,15.99,40,1,No,2056,V2 First4figures New Item Setup Sheet Template Version 2025.xlsx,products/first-4-figures/DS5531105.json
First 4 Figures,FiGGYZ,5531106,5061062270331,FiGGYZ - Darksiders - War,FDSIWA01,4.55,11.19,15.99,40,1,No,2056,V2 First4figures New Item Setup Sheet Template Version 2025.xlsx,products/first-4-figures/DS5531106.json
First 4 Figures,FiGGYZ,5531107,5061062270348,FiGGYZ - Darksiders - Death,FDSIDE01,4.55,11.19,15.99,40,1,No,2056,V2 First4figures New Item Setup Sheet Template Version 2025.xlsx,products/first-4-figures/DS5531107.json
First 4 Figures,FiGGYZ,5531108,5061062270355,FiGGYZ - Darksiders - Fury,FDSIFU01,4.55,11.19,15.99,40,1,No,2056,V2 First4figures New Item Setup Sheet Template Version 2025.xlsx,products/first-4-figures/DS5531108.json
First 4 Figures,FiGGYZ,5531109,5061062270362,FiGGYZ - Darksiders - Strife,FDSIST01,4.55,11.19,15.99,40,1,No,2056,V2 First4figures New Item Setup Sheet Template Version 2025.xlsx,products/first-4-figures/DS5531109.json
First 4 Figures,FiGGYZ,5531110,5061062270379,FiGGYZ - Mega Man - X,FMEGMX01,4.55,11.19,15.99,40,1,No,2056,V2 First4figures New Item Setup Sheet Template Version 2025.xlsx,products/first-4-figures/DS5531110.json
First 4 Figures,FiGGYZ,5531111,5061062270386,FiGGYZ - Mega Man - Zero,FMEGZE01,4.55,11.19,15.99,40,1,No,2056,V2 First4figures New Item Setup Sheet Template Version 2025.xlsx,products/first-4-figures/DS5531111.json
First 4 Figures,FiGGYZ,5531112,5061062270393,FiGGYZ - Mega Man - X Ultimate Armour,FMEGMU01,4.55,11.19,15.99,40,1,No,2056,V2 First4figures New Item Setup Sheet Template Version 2025.xlsx,products/first-4-figures/DS5531112.json
First 4 Figures,FiGGYZ,5531113,5061062270409,FiGGYZ - Frieren: Beyond Journey's End - Frieren in Mimic,FFRIFR02,4.55,11.19,15.99,40,1,No,2056,V2 First4figures New Item Setup Sheet Template Version 2025.xlsx,products/first-4-figures/DS5531113.json
First 4 Figures,FiGGYZ,5531114,5061062270416,FiGGYZ - Frieren: Beyond Journey's End - Himmel,FFRIHI01,4.55,11.19,15.99,40,1,No,2056,V2 First4figures New Item Setup Sheet Template Version 2025.xlsx,products/first-4-figures/DS5531114.json
First 4 Figures,FiGGYZ,5531115,5061062270423,FiGGYZ - Frieren: Beyond Journey's End - Heiter,FFRIHE01,4.55,11.19,15.99,40,1,No,2056,V2 First4figures New Item Setup Sheet Template Version 2025.xlsx,products/first-4-figures/DS5531115.json
First 4 Figures,FiGGYZ,5531116,5061062270430,FiGGYZ - Frieren: Beyond Journey's End - Eisen,FFRIEI01,4.55,11.19,15.99,40,1,No,2056,V2 First4figures New Item Setup Sheet Template Version 2025.xlsx,products/first-4-figures/DS5531116.json
First 4 Figures,FiGGYZ,5531117,5061062270447,FiGGYZ - Shenmue - Ryo Hazuki,FSHERH01,4.55,11.19,15.99,40,1,No,2056,V2 First4figures New Item Setup Sheet Template Version 2025.xlsx,products/first-4-figures/DS5531117.json
First 4 Figures,FiGGYZ,5531118,5061062270454,FiGGYZ - Shenmue - Shenhua Ling,FSHESL01,4.55,11.19,15.99,40,1,No,2056,V2 First4figures New Item Setup Sheet Template Version 2025.xlsx,products/first-4-figures/DS5531118.json
First 4 Figures,FiGGYZ,5531119,5061062270461,FiGGYZ - Shenmue - Lan Di,FSHELD01,4.55,11.19,15.99,40,1,No,2056,V2 First4figures New Item Setup Sheet Template Version 2025.xlsx,products/first-4-figures/DS5531119.json
First 4 Figures,FiGGYZ,5531120,5061062270478,FiGGYZ - Shenmue - Wuying Ren,FSHEWR01,4.55,11.19,15.99,40,1,No,2056,V2 First4figures New Item Setup Sheet Template Version 2025.xlsx,products/first-4-figures/DS5531120.json
First 4 Figures,FiGGYZ,5531121,5061062270515,FiGGYZ - Metal Gear Solid 1 - Solid Snake,FMG1SS01,4.55,11.19,15.99,40,1,No,2056,V2 First4figures New Item Setup Sheet Template Version 2025.xlsx,products/first-4-figures/DS5531121.json
First 4 Figures,FiGGYZ,5531122,5061062270508,FiGGYZ - Metal Gear Solid 1 - Psycho Mantis,FMG1PM01,4.55,11.19,15.99,40,1,No,2056,V2 First4figures New Item Setup Sheet Template Version 2025.xlsx,products/first-4-figures/DS5531122.json
First 4 Figures,FiGGYZ,5531123,5061062270492,FiGGYZ - Metal Gear Solid 1 - Liquid Snake,FMG1LS01,4.55,11.19,15.99,40,1,No,2056,V2 First4figures New Item Setup Sheet Template Version 2025.xlsx,products/first-4-figures/DS5531123.json
First 4 Figures,FiGGYZ,5531124,5061062270485,FiGGYZ - Metal Gear Solid 1 - Cyborg Ninja,FMG1CN01,4.55,11.19,15.99,40,1,No,2056,V2 First4figures New Item Setup Sheet Template Version 2025.xlsx,products/first-4-figures/DS5531124.json
First 4 Figures,FiGGYZ,5531125,5061062270539,FiGGYZ - Silent Hill 2 - James Sunderland,FSH2JS01,4.55,11.19,15.99,40,1,No,2056,V2 First4figures New Item Setup Sheet Template Version 2025.xlsx,products/first-4-figures/DS5531125.json
First 4 Figures,FiGGYZ,5531126,5061062270546,FiGGYZ - Silent Hill 2 - Maria,FSH2MA01,4.55,11.19,15.99,40,1,No,2056,V2 First4figures New Item Setup Sheet Template Version 2025.xlsx,products/first-4-figures/DS5531126.json
First 4 Figures,FiGGYZ,5531127,5061062270522,FiGGYZ - Silent Hill 2 - Bubblehead Nurse,FSH2BN01,4.55,11.19,15.99,40,1,No,2056,V2 First4figures New Item Setup Sheet Template Version 2025.xlsx,products/first-4-figures/DS5531127.json
First 4 Figures,FiGGYZ,5531128,5061062270553,FiGGYZ - Silent Hill 2 - Red Pyramid Thing,FSH2RP01,4.55,11.19,15.99,40,1,No,2056,V2 First4figures New Item Setup Sheet Template Version 2025.xlsx,products/first-4-figures/DS5531128.json
First 4 Figures,FiGGYZ,5531129,5061062270560,FiGGYZ - Sonic the Hedgehog (Classic) - Sonic-Act Clear,FSNCSO02,4.55,11.19,15.99,40,1,No,2056,V2 First4figures New Item Setup Sheet Template Version 2025.xlsx,products/first-4-figures/DS5531129.json
First 4 Figures,FiGGYZ,5531130,5061062270577,FiGGYZ - Sonic the Hedgehog (Classic) - Amy,FSNCAM01,4.55,11.19,15.99,40,1,No,2056,V2 First4figures New Item Setup Sheet Template Version 2025.xlsx,products/first-4-figures/DS5531130.json
First 4 Figures,FiGGYZ,5531131,5061062270584,FiGGYZ - Sonic the Hedgehog (Classic) - Super Sonic,FSNCSS01,4.55,11.19,15.99,40,1,No,2056,V2 First4figures New Item Setup Sheet Template Version 2025.xlsx,products/first-4-figures/DS5531131.json
First 4 Figures,FiGGYZ,5531132,5061062270591,FiGGYZ - Sonic the Hedgehog (Classic) - Dr. Eggman,FSNCDE01,4.55,11.19,15.99,40,1,No,2056,V2 First4figures New Item Setup Sheet Template Version 2025.xlsx,products/first-4-figures/DS5531132.json
First 4 Figures,FiGGYZ,5531133,5061062270607,FiGGYZ - Persona 5 - Joker,FPE5JO01,4.55,11.19,15.99,40,1,No,2056,V2 First4figures New Item Setup Sheet Template Version 2025.xlsx,products/first-4-figures/DS5531133.json
First 4 Figures,FiGGYZ,5531134,5061062270614,FiGGYZ - Persona 5 - Mona,FPE5MN01,4.55,11.19,15.99,40,1,No,2056,V2 First4figures New Item Setup Sheet Template Version 2025.xlsx,products/first-4-figures/DS5531134.json
First 4 Figures,FiGGYZ,5531135,5061062270621,FiGGYZ - Persona 5 - Panther,FPE5PA01,4.55,11.19,15.99,40,1,No,2056,V2 First4figures New Item Setup Sheet Template Version 2025.xlsx,products/first-4-figures/DS5531135.json
First 4 Figures,FiGGYZ,5531136,5061062270638,FiGGYZ - Suikoden - Hero,FSUITM01,4.55,11.19,15.99,40,1,No,2056,V2 First4figures New Item Setup Sheet Template Version 2025.xlsx,products/first-4-figures/DS5531136.json
First 4 Figures,FiGGYZ,5531137,5061062270645,FiGGYZ - Suikoden - Ted,FSUITE01,4.55,11.19,15.99,40,1,No,2056,V2 First4figures New Item Setup Sheet Template Version 2025.xlsx,products/first-4-figures/DS5531137.json
First 4 Figures,FiGGYZ,5531138,5061062270652,FiGGYZ - Suikoden 2 - Hero 2,FSUIRI01,4.55,11.19,15.99,40,1,No,2056,V2 First4figures New Item Setup Sheet Template Version 2025.xlsx,products/first-4-figures/DS5531138.json
First 4 Figures,FiGGYZ,5531139,5061062270669,FiGGYZ - Suikoden 2 - Jowy,FSUIJA01,4.55,11.19,15.99,40,1,No,2056,V2 First4figures New Item Setup Sheet Template Version 2025.xlsx,products/first-4-figures/DS5531139.json
First 4 Figures,FiGGYZ,5531140,5061062270676,FiGGYZ - Shin Megami Tensei V Vengeance - Nahobino,FSMVNA01,4.55,11.19,15.99,40,1,No,2056,V2 First4figures New Item Setup Sheet Template Version 2025.xlsx,products/first-4-figures/DS5531140.json
First 4 Figures,FiGGYZ,5531141,5061062270683,FiGGYZ - Shin Megami Tensei V Vengeance - Nahobino (New Form),FSMVNT01,4.55,11.19,15.99,40,1,No,2056,V2 First4figures New Item Setup Sheet Template Version 2025.xlsx,products/first-4-figures/DS5531141.json
First 4 Figures,FiGGYZ,5531142,5061062270690,FiGGYZ - Shin Megami Tensei V Vengeance - Aogami,FSMVAO01,4.55,11.19,15.99,40,1,No,2056,V2 First4figures New Item Setup Sheet Template Version 2025.xlsx,products/first-4-figures/DS5531142.json
First 4 Figures,FiGGYZ,5531143,5061062270706,FiGGYZ - Shin Megami Tensei V Vengeance - Yoko Hiromine,FSMVYO01,4.55,11.19,15.99,40,1,No,2056,V2 First4figures New Item Setup Sheet Template Version 2025.xlsx,products/first-4-figures/DS5531143.json
First 4 Figures,FiGGYZ,5531144,5061062270713,FiGGYZ - Shin Megami Tensei V Vengeance - Jack Frost,FSMVJF01,4.55,11.19,15.99,40,1,No,2056,V2 First4figures New Item Setup Sheet Template Version 2025.xlsx,products/first-4-figures/DS5531144.json
First 4 Figures,FiGGYZ,5531145,5061062270720,FiGGYZ - Conker's Bad Fur Day - Conker,FCONCO01,4.55,11.19,15.99,40,1,No,2056,V2 First4figures New Item Setup Sheet Template Version 2025.xlsx,products/first-4-figures/DS5531145.json
First 4 Figures,FiGGYZ,5531146,5061062270737,FiGGYZ - Conker's Bad Fur Day - Berry,FCONBE01,4.55,11.19,15.99,40,1,No,2056,V2 First4figures New Item Setup Sheet Template Version 2025.xlsx,products/first-4-figures/DS5531146.json
First 4 Figures,FiGGYZ,5531147,5061062270744,FiGGYZ - Conker's Bad Fur Day - Panther King,FCONPK01,4.55,11.19,15.99,40,1,No,2056,V2 First4figures New Item Setup Sheet Template Version 2025.xlsx,products/first-4-figures/DS5531147.json
First 4 Figures,FiGGYZ,5531148,5061062270751,FiGGYZ - Skies of Arcadia - Vyse,FSOAVY01,4.55,11.19,15.99,40,1,No,2056,V2 First4figures New Item Setup Sheet Template Version 2025.xlsx,products/first-4-figures/DS5531148.json
First 4 Figures,FiGGYZ,5531149,5061062270768,FiGGYZ - Skies of Arcadia - Aika,FSOAAI01,4.55,11.19,15.99,40,1,No,2056,V2 First4figures New Item Setup Sheet Template Version 2025.xlsx,products/first-4-figures/DS5531149.json
First 4 Figures,FiGGYZ,5531150,5061062270775,FiGGYZ - Skies of Arcadia - Fina,FSOAFI01,4.55,11.19,15.99,40,1,No,2056,V2 First4figures New Item Setup Sheet Template Version 2025.xlsx,products/first-4-figures/DS5531150.json
First 4 Figures,FiGGYZ,5531151,5061062270782,FiGGYZ - Sea of Thieves - Kraken,FSOTKR01,4.55,11.19,15.99,40,1,No,2056,V2 First4figures New Item Setup Sheet Template Version 2025.xlsx,products/first-4-figures/DS5531151.json
First 4 Figures,FiGGYZ,5531152,5061062270799,FiGGYZ - Sea of Thieves - The Hungering One,FSOTHO01,4.55,11.19,15.99,40,1,No,2056,V2 First4figures New Item Setup Sheet Template Version 2025.xlsx,products/first-4-figures/DS5531152.json
First 4 Figures,FiGGYZ,5531153,5061062270805,FiGGYZ - Sea of Thieves - The Pirate Lord,FSOTPL01,4.55,11.19,15.99,40,1,No,2056,V2 First4figures New Item Setup Sheet Template Version 2025.xlsx,products/first-4-figures/DS5531153.json
First 4 Figures,FiGGYZ,5531154,5061062270812,FiGGYZ - Yu-Gi-Oh! - Seto Kaiba,FYGOSK01,4.55,11.19,15.99,40,1,No,2056,V2 First4figures New Item Setup Sheet Template Version 2025.xlsx,products/first-4-figures/DS5531154.json
First 4 Figures,FiGGYZ,5531155,5061062270829,FiGGYZ - Yu-Gi-Oh! - Blue-Eyes Ultimate Dragon,FYGOBU01,4.55,11.19,15.99,40,1,No,2056,V2 First4figures New Item Setup Sheet Template Version 2025.xlsx,products/first-4-figures/DS5531155.json
First 4 Figures,FiGGYZ,5531156,5061062270836,FiGGYZ - Yu-Gi-Oh! - Blue-Eyes White Dragon,FYGOBW01,4.55,11.19,15.99,40,1,No,2056,V2 First4figures New Item Setup Sheet Template Version 2025.xlsx,products/first-4-figures/DS5531156.json
First 4 Figures,FiGGYZ,5531157,5061062270843,FiGGYZ - Yu-Gi-Oh! - Saggi the Dark Clown,FYGOSC01,4.55,11.19,15.99,40,1,No,2056,V2 First4figures New Item Setup Sheet Template Version 2025.xlsx,products/first-4-figures/DS5531157.json
First 4 Figures,FiGGYZ,5531158,5061062270850,FiGGYZ - Metal Gear Solid 2 - Solid Snake (Hero Pose),FMG2SS01,4.55,11.19,15.99,40,1,No,2056,V2 First4figures New Item Setup Sheet Template Version 2025.xlsx,products/first-4-figures/DS5531158.json
First 4 Figures,FiGGYZ,5531159,5061062270867,FiGGYZ - Metal Gear Solid 2 - Raiden,FMG2RA01,4.55,11.19,15.99,40,1,No,2056,V2 First4figures New Item Setup Sheet Template Version 2025.xlsx,products/first-4-figures/DS5531159.json
First 4 Figures,FiGGYZ,5531160,5061062270874,FiGGYZ - Metal Gear Solid 2 - Solidus Snake,FMG2SO01,4.55,11.19,15.99,40,1,No,2056,V2 First4figures New Item Setup Sheet Template Version 2025.xlsx,products/first-4-figures/DS5531160.json
First 4 Figures,FiGGYZ,5531161,5061062270881,FiGGYZ - Metal Gear Solid 2 - Revolver Ocelot,FMG2RO01,4.55,11.19,15.99,40,1,No,2056,V2 First4figures New Item Setup Sheet Template Version 2025.xlsx,products/first-4-figures/DS5531161.json
First 4 Figures,FiGGYZ,5531162,5061062270898,FiGGYZ - Persona 3 Reload - Protagonist,FP3RPR01,4.55,11.19,15.99,40,1,No,2056,V2 First4figures New Item Setup Sheet Template Version 2025.xlsx,products/first-4-figures/DS5531162.json
First 4 Figures,FiGGYZ,5531163,5061062270904,FiGGYZ - Persona 3 Reload - Yukari Takeba,FP3RYT01,4.55,11.19,15.99,40,1,No,2056,V2 First4figures New Item Setup Sheet Template Version 2025.xlsx,products/first-4-figures/DS5531163.json
First 4 Figures,FiGGYZ,5531164,5061062270911,FiGGYZ - Persona 3 Reload - Junpei Iori,FP3RJI01,4.55,11.19,15.99,40,1,No,2056,V2 First4figures New Item Setup Sheet Template Version 2025.xlsx,products/first-4-figures/DS5531164.json
First 4 Figures,FiGGYZ,5531165,5061062270928,FiGGYZ - Sonic the Hedgehog (Modern) - Sonic,FSNMSO01,4.55,11.19,15.99,40,1,No,2056,V2 First4figures New Item Setup Sheet Template Version 2025.xlsx,products/first-4-figures/DS5531165.json
First 4 Figures,FiGGYZ,5531166,5061062270935,FiGGYZ - Sonic the Hedgehog (Modern) - Tails,FSNMTA01,4.55,11.19,15.99,40,1,No,2056,V2 First4figures New Item Setup Sheet Template Version 2025.xlsx,products/first-4-figures/DS5531166.json
First 4 Figures,FiGGYZ,5531167,5061062270942,FiGGYZ - Sonic the Hedgehog (Modern) - Shadow,FSNMSH01,4.55,11.19,15.99,40,1,No,2056,V2 First4figures New Item Setup Sheet Template Version 2025.xlsx,products/first-4-figures/DS5531167.json
First 4 Figures,FiGGYZ,5531168,5061062270959,FiGGYZ - Sonic the Hedgehog (Modern) - Silver,FSNMSI01,4.55,11.19,15.99,40,1,No,2056,V2 First4figures New Item Setup Sheet Template Version 2025.xlsx,products/first-4-figures/DS5531168.json
First 4 Figures,FiGGYZ,5531169,5061062270966,FiGGYZ - Metal Gear Solid 3 - Naked Snake,FMG3NS01,4.55,11.19,15.99,40,1,No,2056,V2 First4figures New Item Setup Sheet Template Version 2025.xlsx,products/first-4-figures/DS5531169.json
First 4 Figures,FiGGYZ,5531170,5061062270973,FiGGYZ - Metal Gear Solid 3 - Big Boss (Grave Salute),FMG3BR01,4.55,11.19,15.99,40,1,No,2056,V2 First4figures New Item Setup Sheet Template Version 2025.xlsx,products/first-4-figures/DS5531170.json
First 4 Figures,FiGGYZ,5531171,5061062270980,FiGGYZ - Metal Gear Solid 3 - The Boss,FMG3TB01,4.55,11.19,15.99,40,1,No,2056,V2 First4figures New Item Setup Sheet Template Version 2025.xlsx,products/first-4-figures/DS5531171.json
First 4 Figures,FiGGYZ,5531172,5061062270997,FiGGYZ - Metal Gear Solid 3 - Young Ocelot,FMG3YO01,4.55,11.19,15.99,40,1,No,2056,V2 First4figures New Item Setup Sheet Template Version 2025.xlsx,products/first-4-figures/DS5531172.json
First 4 Figures,FiGGYZ,5531173,5061062271000,FiGGYZ - Castlevania Symphony of the Night - Alucard,FCASAL01,4.55,11.19,15.99,40,1,No,2056,V2 First4figures New Item Setup Sheet Template Version 2025.xlsx,products/first-4-figures/DS5531173.json
First 4 Figures,FiGGYZ,5531174,5061062271017,FiGGYZ - Castlevania Symphony of the Night - Dracula,FCASDR01,4.55,11.19,15.99,40,1,No,2056,V2 First4figures New Item Setup Sheet Template Version 2025.xlsx,products/first-4-figures/DS5531174.json
First 4 Figures,FiGGYZ,5531175,5061062271024,FiGGYZ - Castlevania Symphony of the Night - Richter,FCASRI01,4.55,11.19,15.99,40,1,No,2056,V2 First4figures New Item Setup Sheet Template Version 2025.xlsx,products/first-4-figures/DS5531175.json
First 4 Figures,FiGGYZ,5531176,5061062271031,FiGGYZ - Mega Man - Mega Man,FMEGMM01,4.55,11.19,15.99,40,1,No,2056,V2 First4figures New Item Setup Sheet Template Version 2025.xlsx,products/first-4-figures/DS5531176.json
First 4 Figures,FiGGYZ,5531177,5061062271048,FiGGYZ - Mega Man - Proto Man,FMEGPM01,4.55,11.19,15.99,40,1,No,2056,V2 First4figures New Item Setup Sheet Template Version 2025.xlsx,products/first-4-figures/DS5531177.json
First 4 Figures,FiGGYZ,5531178,5061062271055,FiGGYZ - Mega Man - Bass,FMEGBA01,4.55,11.19,15.99,40,1,No,2056,V2 First4figures New Item Setup Sheet Template Version 2025.xlsx,products/first-4-figures/DS5531178.json
First 4 Figures,FiGGYZ,5531179,5061062271062,FiGGYZ - Yu-Gi-Oh! - Joey Wheeler,FYGOJW01,4.55,11.19,15.99,40,1,No,2056,V2 First4figures New Item Setup Sheet Template Version 2025.xlsx,products/first-4-figures/DS5531179.json
First 4 Figures,FiGGYZ,5531180,5061062271079,FiGGYZ - Yu-Gi-Oh! - Red-Eyes B. Dragon,FYGORB01,4.55,11.19,15.99,40,1,No,2056,V2 First4figures New Item Setup Sheet Template Version 2025.xlsx,products/first-4-figures/DS5531180.json
First 4 Figures,FiGGYZ,5531181,5061062271086,FiGGYZ - Yu-Gi-Oh! - Jinzo,FYGOJI01,4.55,11.19,15.99,40,1,No,2056,V2 First4figures New Item Setup Sheet Template Version 2025.xlsx,products/first-4-figures/DS5531181.json
First 4 Figures,FiGGYZ,5531182,5061062271093,FiGGYZ - Yu-Gi-Oh! - Time Wizard,FYGOTW01,4.55,11.19,15.99,40,1,No,2056,V2 First4figures New Item Setup Sheet Template Version 2025.xlsx,products/first-4-figures/DS5531182.json
First 4 Figures,FiGGYZ,5531183,5061062271109,FiGGYZ - Yu-Gi-Oh! - Yami Marik,FYGOYA01,4.55,11.19,15.99,40,1,No,2056,V2 First4figures New Item Setup Sheet Template Version 2025.xlsx,products/first-4-figures/DS5531183.json
First 4 Figures,FiGGYZ,5531184,5061062271116,FiGGYZ - Yu-Gi-Oh! - Obelisk the Tormentor,FYGOOB01,4.55,11.19,15.99,40,1,No,2056,V2 First4figures New Item Setup Sheet Template Version 2025.xlsx,products/first-4-figures/DS5531184.json
First 4 Figures,FiGGYZ,5531185,5061062271123,FiGGYZ - Yu-Gi-Oh! - Slifer the Sky Dragon,FYGOSL01,4.55,11.19,15.99,40,1,No,2056,V2 First4figures New Item Setup Sheet Template Version 2025.xlsx,products/first-4-figures/DS5531185.json
First 4 Figures,FiGGYZ,5531186,5061062271130,FiGGYZ - Yu-Gi-Oh! - The Winged Dragon of Ra,FYGOWD01,4.55,11.19,15.99,40,1,No,2056,V2 First4figures New Item Setup Sheet Template Version 2025.xlsx,products/first-4-figures/DS5531186.json
First 4 Figures,FiGGYZ,5531187,5061062271147,FiGGYZ - Frieren: Beyond Journey's End - Freiren (Battle Pose),FFRIFR03,4.55,11.19,15.99,40,1,No,2056,V2 First4figures New Item Setup Sheet Template Version 2025.xlsx,products/first-4-figures/DS5531187.json
First 4 Figures,FiGGYZ,5531188,5061062271154,FiGGYZ - Frieren: Beyond Journey's End - Fern (Battle Pose),FFRIFE02,4.55,11.19,15.99,40,1,No,2056,V2 First4figures New Item Setup Sheet Template Version 2025.xlsx,products/first-4-figures/DS5531188.json
First 4 Figures,FiGGYZ,5531189,5061062271161,FiGGYZ - Frieren: Beyond Journey's End - Stark (Battle Pose),FFRIST02,4.55,11.19,15.99,40,1,No,2056,V2 First4figures New Item Setup Sheet Template Version 2025.xlsx,products/first-4-figures/DS5531189.json
First 4 Figures,FiGGYZ,5531190,5061062271178,FiGGYZ - Frieren: Beyond Journey's End - Sein (Battle pose),FFRISE01,4.55,11.19,15.99,40,1,No,2056,V2 First4figures New Item Setup Sheet Template Version 2025.xlsx,products/first-4-figures/DS5531190.json
First 4 Figures,FiGGYZ,5531191,5061062271185,FiGGYZ - Sonic the Hedgehog (Modern) - Super Sonic,FSNMSS01,4.55,11.19,15.99,40,1,No,2056,V2 First4figures New Item Setup Sheet Template Version 2025.xlsx,products/first-4-figures/DS5531191.json
First 4 Figures,FiGGYZ,5531192,5061062271192,FiGGYZ - Sonic the Hedgehog (Modern) - Knuckles,FSNMKN01,4.55,11.19,15.99,40,1,No,2056,V2 First4figures New Item Setup Sheet Template Version 2025.xlsx,products/first-4-figures/DS5531192.json
First 4 Figures,FiGGYZ,5531193,5061062271208,FiGGYZ - Sonic the Hedgehog (Modern) - Metal Sonic,FSNMMS01,4.55,11.19,15.99,40,1,No,2056,V2 First4figures New Item Setup Sheet Template Version 2025.xlsx,products/first-4-figures/DS5531193.json
First 4 Figures,FiGGYZ,5531194,5061062271215,FiGGYZ - Sonic the Hedgehog (Modern) - Dr. Eggman,FSNMDE01,4.55,11.19,15.99,40,1,No,2056,V2 First4figures New Item Setup Sheet Template Version 2025.xlsx,products/first-4-figures/DS5531194.json
First 4 Figures,FiGGYZ,5531195,5061062271222,FiGGYZ - Golden Axe - Ax Battler,FGAXLAB01,4.55,11.19,15.99,40,1,No,2056,V2 First4figures New Item Setup Sheet Template Version 2025.xlsx,products/first-4-figures/DS5531195.json
First 4 Figures,FiGGYZ,5531196,5061062271239,FiGGYZ - Golden Axe - Tyris Flare,FGAXTF01,4.55,11.19,15.99,40,1,No,2056,V2 First4figures New Item Setup Sheet Template Version 2025.xlsx,products/first-4-figures/DS5531196.json
First 4 Figures,FiGGYZ,5531197,5061062271246,FiGGYZ - Golden Axe - Gilius Thunderhead,FGAXGT01,4.55,11.19,15.99,40,1,No,2056,V2 First4figures New Item Setup Sheet Template Version 2025.xlsx,products/first-4-figures/DS5531197.json
First 4 Figures,FiGGYZ,5531198,5061062271253,FiGGYZ - Golden Axe - Death Adder,FGAXA01,4.55,11.19,15.99,40,1,No,2056,V2 First4figures New Item Setup Sheet Template Version 2025.xlsx,products/first-4-figures/DS5531198.json
First 4 Figures,FiGGYZ,5531203,5061062271307,FiGGYZ - Streets of Rage - Axel Stone,FSORAS01,4.55,11.19,15.99,40,1,No,2056,V2 First4figures New Item Setup Sheet Template Version 2025.xlsx,products/first-4-figures/DS5531203.json
First 4 Figures,FiGGYZ,5531204,5061062271314,FiGGYZ - Streets of Rage - Blaze Fielding,FSORBF01,4.55,11.19,15.99,40,1,No,2056,V2 First4figures New Item Setup Sheet Template Version 2025.xlsx,products/first-4-figures/DS5531204.json
First 4 Figures,FiGGYZ,5531205,5061062271321,FiGGYZ - Streets of Rage - Adam Hunter,FSORAH01,4.55,11.19,15.99,40,1,No,2056,V2 First4figures New Item Setup Sheet Template Version 2025.xlsx,products/first-4-figures/DS5531205.json
First 4 Figures,FiGGYZ,5531206,5061062271338,FiGGYZ - Streets of Rage - Mr. X,FSORMX01,4.55,11.19,15.99,40,1,No,2056,V2 First4figures New Item Setup Sheet Template Version 2025.xlsx,products/first-4-figures/DS5531206.json
First 4 Figures,FiGGYZ,5531207,5061062271345,FiGGYZ - Cowboy Bebop - Vicious,FCBBVI01,4.55,11.19,15.99,40,1,No,2056,V2 First4figures New Item Setup Sheet Template Version 2025.xlsx,products/first-4-figures/DS5531207.json
First 4 Figures,FiGGYZ,5531208,5061062271352,FiGGYZ - Cowboy Bebop - Julia,FCBBJU01,4.55,11.19,15.99,40,1,No,2056,V2 First4figures New Item Setup Sheet Template Version 2025.xlsx,products/first-4-figures/DS5531208.json
First 4 Figures,FiGGYZ,5531209,5061062271369,FiGGYZ - Cowboy Bebop - Gren,FCBBGR01,4.55,11.19,15.99,40,1,No,2056,V2 First4figures New Item Setup Sheet Template Version 2025.xlsx,products/first-4-figures/DS5531209.json
First 4 Figures,FiGGYZ,5531210,5061062271376,FiGGYZ - Cowboy Bebop - Andy,FCBBAN01,4.55,11.19,15.99,40,1,No,2056,V2 First4figures New Item Setup Sheet Template Version 2025.xlsx,products/first-4-figures/DS5531210.json
First 4 Figures,FiGGYZ,5531211,5061062271383,FiGGYZ - Catherine  - Vincent Brooks,FCATVI01,4.55,11.19,15.99,40,1,No,2056,V2 First4figures New Item Setup Sheet Template Version 2025.xlsx,products/first-4-figures/DS5531211.json
First 4 Figures,FiGGYZ,5531212,5061062271390,FiGGYZ - Catherine  - Rin,FCATRI01,4.55,11.19,15.99,40,1,No,2056,V2 First4figures New Item Setup Sheet Template Version 2025.xlsx,products/first-4-figures/DS5531212.json
First 4 Figures,FiGGYZ,5531213,5061062271406,FiGGYZ - Catherine  - Katherine Mcbride,FCATKA01,4.55,11.19,15.99,40,1,No,2056,V2 First4figures New Item Setup Sheet Template Version 2025.xlsx,products/first-4-figures/DS5531213.json
First 4 Figures,FiGGYZ,5531214,5061062271413,FiGGYZ - Catherine  - Catherine,FCATCA01,4.55,11.19,15.99,40,1,No,2056,V2 First4figures New Item Setup Sheet Template Version 2025.xlsx,products/first-4-figures/DS5531214.json
First 4 Figures,FiGGYZ,5531215,5061062271420,FiGGYZ - Persona 3 Reload - Akihiko Sanada,FP3RAS01,4.55,11.19,15.99,40,1,No,2056,V2 First4figures New Item Setup Sheet Template Version 2025.xlsx,products/first-4-figures/DS5531215.json
First 4 Figures,FiGGYZ,5531216,5061062271437,FiGGYZ - Persona 3 Reload - Mitsuru Kirijo,FP3RMK01,4.55,11.19,15.99,40,1,No,2056,V2 First4figures New Item Setup Sheet Template Version 2025.xlsx,products/first-4-figures/DS5531216.json
First 4 Figures,FiGGYZ,5531217,5061062271444,FiGGYZ - Persona 3 Reload - Fuuka Yamagishi,FP3RFY01,4.55,11.19,15.99,40,1,No,2056,V2 First4figures New Item Setup Sheet Template Version 2025.xlsx,products/first-4-figures/DS5531217.json
First 4 Figures,FiGGYZ,5531218,5061062271451,FiGGYZ - Persona 5 - Skull,FPE5SK01,4.55,11.19,15.99,40,1,No,2056,V2 First4figures New Item Setup Sheet Template Version 2025.xlsx,products/first-4-figures/DS5531218.json
First 4 Figures,FiGGYZ,5531219,5061062271468,FiGGYZ - Persona 5 - Queen,FPE5QU01,4.55,11.19,15.99,40,1,No,2056,V2 First4figures New Item Setup Sheet Template Version 2025.xlsx,products/first-4-figures/DS5531219.json
First 4 Figures,FiGGYZ,5531220,5061062271475,FiGGYZ - Persona 5 - Fox,FPE5FO01,4.55,11.19,15.99,40,1,No,2056,V2 First4figures New Item Setup Sheet Template Version 2025.xlsx,products/first-4-figures/DS5531220.json
First 4 Figures,FiGGYZ,5531225,5061062271529,FiGGYZ - Banjo-Kazooie - Mumbo Jumbo,FBJKMJ01,4.55,11.19,15.99,40,1,No,2056,V2 First4figures New Item Setup Sheet Template Version 2025.xlsx,products/first-4-figures/DS5531225.json
First 4 Figures,FiGGYZ,5531226,5061062271536,FiGGYZ - Banjo-Kazooie - Jinjos,FBJKJS01,4.55,11.19,15.99,40,1,No,2056,V2 First4figures New Item Setup Sheet Template Version 2025.xlsx,products/first-4-figures/DS5531226.json
First 4 Figures,FiGGYZ,5531227,5061062271543,FiGGYZ - Banjo-Kazooie - Bottles,FBJKBO01,4.55,11.19,15.99,40,1,No,2056,V2 First4figures New Item Setup Sheet Template Version 2025.xlsx,products/first-4-figures/DS5531227.json
First 4 Figures,First 4 Figures,5531016,5060316626511,Animal Crossing: New Horizons – Isabelle,ACRISST,24.5,52.49,69.99,4,0,No,2056,V2 First4figures New Item Setup Sheet Template Version 2025.xlsx,products/first-4-figures/DS5531016.json
First 4 Figures,First 4 Figures,5531017,5060316626542,Animal Crossing: New Horizons – K.K. Slider,ACRKKST,24.5,52.49,69.99,4,0,No,2056,V2 First4figures New Item Setup Sheet Template Version 2025.xlsx,products/first-4-figures/DS5531017.json
First 4 Figures,First 4 Figures,5531018,5060316626573,Animal Crossing: New Horizons – Tom Nook,ACRTNST,24.5,52.49,69.99,4,0,No,2056,V2 First4figures New Item Setup Sheet Template Version 2025.xlsx,products/first-4-figures/DS5531018.json
First 4 Figures,First 4 Figures,5531019,5060316621004,Crash Bandicoot (Standard Edition),CRASHBT,28,59.99,79.99,4,0,No,2056,V2 First4figures New Item Setup Sheet Template Version 2025.xlsx,products/first-4-figures/DS5531019.json
First 4 Figures,First 4 Figures,5531020,5060316623473,Dark Souls: Sif the Great Grey Wolf SD (Standard Edition),DSSIFST,29.75,63.74,84.99,4,0,No,2056,V2 First4figures New Item Setup Sheet Template Version 2025.xlsx,products/first-4-figures/DS5531020.json
First 4 Figures,First 4 Figures,5531021,5060316627532,Darkstalkers – Morrigan Aensland,DKMOVST,35,74.99,99.99,4,0,No,2056,V2 First4figures New Item Setup Sheet Template Version 2025.xlsx,products/first-4-figures/DS5531021.json
First 4 Figures,First 4 Figures,5531022,5060316627549,Darkstalkers – Morrigan Aensland (Player 2 Variant),DKM2VST,35,74.99,99.99,4,0,No,2056,V2 First4figures New Item Setup Sheet Template Version 2025.xlsx,products/first-4-figures/DS5531022.json
First 4 Figures,First 4 Figures,5531023,5060316627235,Kirby and the Goal Door (Collector's Edition),KKGDCE,35,74.99,99.99,4,0,No,2056,V2 First4figures New Item Setup Sheet Template Version 2025.xlsx,products/first-4-figures/DS5531023.json
First 4 Figures,First 4 Figures,5531024,5060316623282,Kirby and the Goal Door (Standard Edition),KKGDST,28,59.99,79.99,4,0,No,2056,V2 First4figures New Item Setup Sheet Template Version 2025.xlsx,products/first-4-figures/DS5531024.json
First 4 Figures,First 4 Figures,5531025,5060316622421,Luigi's Mansion 3 - Luigi Standard Edition,LM03ST,29.75,63.74,84.99,4,0,No,2056,V2 First4figures New Item Setup Sheet Template Version 2025.xlsx,products/first-4-figures/DS5531025.json
First 4 Figures,First 4 Figures,5531026,5060316622438,Luigi's Mansion 3 (Collector's Edition),LM03CO,38.5,82.49,109.99,4,0,No,2056,V2 First4figures New Item Setup Sheet Template Version 2025.xlsx,products/first-4-figures/DS5531026.json
First 4 Figures,First 4 Figures,5531027,5060316624746,Mario Kart - Mario (Collector's Edition),MKARTCO,56,119.99,159.99,4,0,No,2056,V2 First4figures New Item Setup Sheet Template Version 2025.xlsx,products/first-4-figures/DS5531027.json
First 4 Figures,First 4 Figures,5531028,5060316624739,Mario Kart - Mario (Standard Edition),MKARTST,45.5,97.49,129.99,4,0,No,2056,V2 First4figures New Item Setup Sheet Template Version 2025.xlsx,products/first-4-figures/DS5531028.json
First 4 Figures,First 4 Figures,5531029,5060316622063,Metal Gear Solid: Solid Snake SD (Standard Edition),MGSSSSDST,29.75,63.74,84.99,4,0,No,2056,V2 First4figures New Item Setup Sheet Template Version 2025.xlsx,products/first-4-figures/DS5531029.json
First 4 Figures,First 4 Figures,5531030,5060316626801,Metroid Prime™ - Samus Gravity Suit PVC,MSGSST,45.5,97.49,129.99,4,0,No,2056,V2 First4figures New Item Setup Sheet Template Version 2025.xlsx,products/first-4-figures/DS5531030.json
First 4 Figures,First 4 Figures,5531031,5060316626818,Metroid Prime™ - Samus Gravity Suit PVC (Collector's Edition),MSGSCO,52.5,112.49,149.99,4,0,No,2056,V2 First4figures New Item Setup Sheet Template Version 2025.xlsx,products/first-4-figures/DS5531031.json
First 4 Figures,First 4 Figures,5531032,5060316626832,Metroid Prime™ - Samus Phazon Suit PVC,MSPSST,45.5,97.49,129.99,4,0,No,2056,V2 First4figures New Item Setup Sheet Template Version 2025.xlsx,products/first-4-figures/DS5531032.json
First 4 Figures,First 4 Figures,5531033,5060316626849,Metroid Prime™ - Samus Phazon Suit PVC (Collector's Edition),MSPSCO,52.5,112.49,149.99,4,0,No,2056,V2 First4figures New Item Setup Sheet Template Version 2025.xlsx,products/first-4-figures/DS5531033.json
First 4 Figures,First 4 Figures,5531034,5060316626634,Metroid Prime™ - Samus Varia Suit PVC,MSVSST,45.5,97.49,129.99,4,0,No,2056,V2 First4figures New Item Setup Sheet Template Version 2025.xlsx,products/first-4-figures/DS5531034.json
First 4 Figures,First 4 Figures,5531035,5060316626641,Metroid Prime™ - Samus Varia Suit PVC (Collector's Edition),MSVSCO,52.5,112.49,149.99,4,0,No,2056,V2 First4figures New Item Setup Sheet Template Version 2025.xlsx,products/first-4-figures/DS5531035.json
First 4 Figures,First 4 Figures,5531036,5060316623169,Okami: Oki Wolf Form (Standard Edition),OKAOWST,35,74.99,99.99,4,0,No,2056,V2 First4figures New Item Setup Sheet Template Version 2025.xlsx,products/first-4-figures/DS5531036.json
First 4 Figures,First 4 Figures,5531037,5060316623848,Okami: Shiranui PVC (Celestial Howl) - Standard Edition,OKASHHST,36.75,78.74,104.99,4,0,No,2056,V2 First4figures New Item Setup Sheet Template Version 2025.xlsx,products/first-4-figures/DS5531037.json
First 4 Figures,First 4 Figures,5531038,5060316623824,Okami: Shiranui PVC (Normal Pose) - Standard Edition,OKASHNST,36.75,78.74,104.99,4,0,No,2056,V2 First4figures New Item Setup Sheet Template Version 2025.xlsx,products/first-4-figures/DS5531038.json
First 4 Figures,First 4 Figures,5531039,5060316624883,Ōkamiden - Chibiterasu PVC (Standard Edition),OKACHST,36.75,78.74,104.99,4,0,No,2056,V2 First4figures New Item Setup Sheet Template Version 2025.xlsx,products/first-4-figures/DS5531039.json
First 4 Figures,First 4 Figures,5531040,5060316624692,Persona 5 - Joker PVC,P5JKST,35,74.99,99.99,4,0,No,2056,V2 First4figures New Item Setup Sheet Template Version 2025.xlsx,products/first-4-figures/DS5531040.json
First 4 Figures,First 4 Figures,5531041,5060316624708,Persona 5 - Joker PVC (Collector's Edition),P5JKCO,38.5,82.49,109.99,4,0,No,2056,V2 First4figures New Item Setup Sheet Template Version 2025.xlsx,products/first-4-figures/DS5531041.json
First 4 Figures,First 4 Figures,5531042,5060316626894,Sonic the Hedgehog - Sonic Adventure,SNADST,31.5,67.49,89.99,4,0,No,2056,V2 First4figures New Item Setup Sheet Template Version 2025.xlsx,products/first-4-figures/DS5531042.json
First 4 Figures,First 4 Figures,5531043,5060316626900,Sonic the Hedgehog - Sonic Adventure (Collector's Edition),SNADCO,42,89.99,119.99,4,0,No,2056,V2 First4figures New Item Setup Sheet Template Version 2025.xlsx,products/first-4-figures/DS5531043.json
First 4 Figures,First 4 Figures,5531044,5060316624722,Sonic The Hedgehog: Sonic (Collector's Edition),SNTFCO,42,89.99,119.99,4,0,No,2056,V2 First4figures New Item Setup Sheet Template Version 2025.xlsx,products/first-4-figures/DS5531044.json
First 4 Figures,First 4 Figures,5531045,5060316622575,Sonic The Hedgehog: Sonic (Standard Edition),SNTFST,31.5,67.49,89.99,4,0,No,2056,V2 First4figures New Item Setup Sheet Template Version 2025.xlsx,products/first-4-figures/DS5531045.json
First 4 Figures,First 4 Figures,5531046,5060316621783,Spyro The Dragon (Standard Edition),TFSPYROR,29.75,63.74,84.99,4,0,No,2056,V2 First4figures New Item Setup Sheet Template Version 2025.xlsx,products/first-4-figures/DS5531046.json
First 4 Figures,First 4 Figures,5531047,5060316623701,Spyro™ 2: Classic Ripto's Rage (Standard Edition),SPY2ST,29.75,63.74,84.99,4,0,No,2056,V2 First4figures New Item Setup Sheet Template Version 2025.xlsx,products/first-4-figures/DS5531047.json
First 4 Figures,First 4 Figures,5531048,5060316628607,Tears of the Kingdom - Link,TOTKLS,29.75,63.74,84.99,4,0,No,2056,V2 First4figures New Item Setup Sheet Template Version 2025.xlsx,products/first-4-figures/DS5531048.json
First 4 Figures,First 4 Figures,5531049,5060316624272,The Legend of Zelda: Breath of the Wild: Daruk (Collector's edition),BOTWDC,54.25,116.24,154.99,4,0,No,2056,V2 First4figures New Item Setup Sheet Template Version 2025.xlsx,products/first-4-figures/DS5531049.json
First 4 Figures,First 4 Figures,5531050,5060316624265,The Legend of Zelda: Breath of the Wild: Daruk (Standard edition),BOTWDS,47.25,101.24,134.99,4,0,No,2056,V2 First4figures New Item Setup Sheet Template Version 2025.xlsx,products/first-4-figures/DS5531050.json
First 4 Figures,First 4 Figures,5531051,5060316623923,The Legend of Zelda: Breath of the Wild: Hylian Shield (Collector's edition),BOTWHC,35,74.99,99.99,4,0,No,2056,V2 First4figures New Item Setup Sheet Template Version 2025.xlsx,products/first-4-figures/DS5531051.json
First 4 Figures,First 4 Figures,5531052,5060316623916,The Legend of Zelda: Breath of the Wild: Hylian Shield (Standard edition),BOTWHS,24.5,52.49,69.99,4,0,No,2056,V2 First4figures New Item Setup Sheet Template Version 2025.xlsx,products/first-4-figures/DS5531052.json
First 4 Figures,First 4 Figures,5531053,5060316622520,The Legend of Zelda: Breath of the Wild: Link (Collector's edition),BOTWLC,38.5,82.49,109.99,6,0,No,2056,V2 First4figures New Item Setup Sheet Template Version 2025.xlsx,products/first-4-figures/DS5531053.json
First 4 Figures,First 4 Figures,5531054,5060316620830,The Legend of Zelda: Breath of the Wild: Link (Standard edition),BOTWL,31.5,67.49,89.99,6,0,No,2056,V2 First4figures New Item Setup Sheet Template Version 2025.xlsx,products/first-4-figures/DS5531054.json
First 4 Figures,First 4 Figures,5531055,5060316624241,The Legend of Zelda: Breath of the Wild: Mipha  (Collector's edition),BOTWMC,38.5,82.49,109.99,4,0,No,2056,V2 First4figures New Item Setup Sheet Template Version 2025.xlsx,products/first-4-figures/DS5531055.json
First 4 Figures,First 4 Figures,5531056,5060316624234,The Legend of Zelda: Breath of the Wild: Mipha (Standard edition),BOTWMS,31.5,67.49,89.99,4,0,No,2056,V2 First4figures New Item Setup Sheet Template Version 2025.xlsx,products/first-4-figures/DS5531056.json
First 4 Figures,First 4 Figures,5531057,5060316623237,The Legend of Zelda: Breath of the Wild: Revali (Collector's edition),BOTWRC,38.5,82.49,109.99,4,0,No,2056,V2 First4figures New Item Setup Sheet Template Version 2025.xlsx,products/first-4-figures/DS5531057.json
First 4 Figures,First 4 Figures,5531058,5060316623220,The Legend of Zelda: Breath of the Wild: Revali (Standard edition),BOTWRS,31.5,67.49,89.99,4,0,No,2056,V2 First4figures New Item Setup Sheet Template Version 2025.xlsx,products/first-4-figures/DS5531058.json
First 4 Figures,First 4 Figures,5531059,5060316624302,The Legend of Zelda: Breath of the Wild: Urbosa (Collector's edition),BOTWUC,47.25,101.24,134.99,4,0,No,2056,V2 First4figures New Item Setup Sheet Template Version 2025.xlsx,products/first-4-figures/DS5531059.json
First 4 Figures,First 4 Figures,5531060,5060316624296,The Legend of Zelda: Breath of the Wild: Urbosa (Standard Edition),BOTWUS,40.25,86.24,114.99,4,0,No,2056,V2 First4figures New Item Setup Sheet Template Version 2025.xlsx,products/first-4-figures/DS5531060.json
First 4 Figures,First 4 Figures,5531061,5060316622469,The Legend of Zelda: Breath of the Wild: Zelda (Collector's edition),BOTWZC,36.75,78.74,104.99,4,0,No,2056,V2 First4figures New Item Setup Sheet Template Version 2025.xlsx,products/first-4-figures/DS5531061.json
First 4 Figures,First 4 Figures,5531062,5060316622346,The Legend of Zelda: Breath of the Wild: Zelda (Standard edition),BOTWZS,29.75,63.74,84.99,4,0,No,2056,V2 First4figures New Item Setup Sheet Template Version 2025.xlsx,products/first-4-figures/DS5531062.json
First 4 Figures,First 4 Figures,5531063,5060316622742,The Legend of Zelda: Majora's Mask (Collector's edition),LZMMCO,35,74.99,99.99,4,0,No,2056,V2 First4figures New Item Setup Sheet Template Version 2025.xlsx,products/first-4-figures/DS5531063.json
First 4 Figures,First 4 Figures,5531064,5060316622735,The Legend of Zelda: Majora's Mask (Standard edition),LZMMST,24.5,52.49,69.99,4,0,No,2056,V2 First4figures New Item Setup Sheet Template Version 2025.xlsx,products/first-4-figures/DS5531064.json
First 4 Figures,First 4 Figures,5531065,5060316625392,Yu-Gi-Oh! - Red-Eyes B. Dragon Black Edition,YGOREBST,49,104.99,139.99,4,0,No,2056,V2 First4figures New Item Setup Sheet Template Version 2025.xlsx,products/first-4-figures/DS5531065.json
First 4 Figures,First 4 Figures,5531066,5060316627051,Yu-Gi-Oh! - Red-Eyes B. Dragon Purple Edition,YGOREPST,49,104.99,139.99,4,0,No,2056,V2 First4figures New Item Setup Sheet Template Version 2025.xlsx,products/first-4-figures/DS5531066.json
First 4 Figures,First 4 Figures,5531067,5060316623091,Yu-Gi-Oh! Blue Eyes White Dragon - Standard Edition - Silver,YGOBESST,49,104.99,139.99,4,0,No,2056,V2 First4figures New Item Setup Sheet Template Version 2025.xlsx,products/first-4-figures/DS5531067.json
First 4 Figures,First 4 Figures,5531068,5060316623060,Yu-Gi-Oh! Blue Eyes White Dragon - Standard Edition - White,YGOBEWST,49,104.99,139.99,4,0,No,2056,V2 First4figures New Item Setup Sheet Template Version 2025.xlsx,products/first-4-figures/DS5531068.json
First 4 Figures,First 4 Figures,5531069,5060316623664,Yu-Gi-Oh! Dark Magician (Blue Variant) - Standard Edition,YGODMBS,49,104.99,139.99,4,0,No,2056,V2 First4figures New Item Setup Sheet Template Version 2025.xlsx,products/first-4-figures/DS5531069.json
First 4 Figures,First 4 Figures,5531070,5060316623626,Yu-Gi-Oh! Dark Magician (Purple Variant) - Standard Edition,YGODMPS,49,104.99,139.99,4,0,No,2056,V2 First4figures New Item Setup Sheet Template Version 2025.xlsx,products/first-4-figures/DS5531070.json
First 4 Figures,First 4 Figures,5531071,5060316626276,Yu-Gi-Oh! Dark Magician Girl (Pastel Edition) - Standard Edition,YGODGPS,49,104.99,139.99,4,0,No,2056,V2 First4figures New Item Setup Sheet Template Version 2025.xlsx,products/first-4-figures/DS5531071.json
First 4 Figures,First 4 Figures,5531072,5060316626290,Yu-Gi-Oh! Dark Magician Girl (Vibrant Edition) - Standard Edition,YGODGVS,49,104.99,139.99,4,0,No,2056,V2 First4figures New Item Setup Sheet Template Version 2025.xlsx,products/first-4-figures/DS5531072.json
Headstart Inc,Disney Toddler,5531525,840150256519,Disney Toddler Winnie the Pooh Hunny Pot Shape Sorter,25651,6.42,,22.99,4,0,No,2061,HeadStart Disney New Item Setup Sheet 2026.xlsx,products/headstart-inc/DS5531525.json
Headstart Inc,Disney Toddler,5531526,840150269281,Disney Toddler Winnie the Pooh Stacking Cups,26928,4.066,,17.99,6,3,No,2061,HeadStart Disney New Item Setup Sheet 2026.xlsx,products/headstart-inc/DS5531526.json
Headstart Inc,Disney Toddler,5531527,840150287223,Disney Toddler Real Feels Winnie the Pooh Plush,28722,11.77,,39.99,4,3,No,2061,HeadStart Disney New Item Setup Sheet 2026.xlsx,products/headstart-inc/DS5531527.json
Headstart Inc,Disney Toddler,5531528,840150295143,Disney Toddler Winnie the Pooh Learning Bundle – Real Feels Plush & Stacking Cups,29514,14.98,,44.99,6,6,No,2061,HeadStart Disney New Item Setup Sheet 2026.xlsx,products/headstart-inc/DS5531528.json
Headstart Inc,Disney Toddler,5531529,840150287247,Disney Toddler Winnie the Pooh Hunny Pot Walker,28724,21.4,,74.99,1,6,No,2061,HeadStart Disney New Item Setup Sheet 2026.xlsx,products/headstart-inc/DS5531529.json
Headstart Inc,Disney Toddler,5531530,840150269274,Disney Toddler Stitch Ring Stacker,26927,5.35,,19.99,6,3,No,2061,HeadStart Disney New Item Setup Sheet 2026.xlsx,products/headstart-inc/DS5531530.json
Headstart Inc,Disney Toddler,5531531,840150269298,Disney Toddler Stitch Shake It Up Feature Plush,26929,11.77,,36.99,6,1,No,2061,HeadStart Disney New Item Setup Sheet 2026.xlsx,products/headstart-inc/DS5531531.json
Headstart Inc,Disney Toddler,5531532,840150295150,Disney Toddler Stitch Learning Bundle – Sensory Plush & Ring Stacker,29515,13.91,,44.99,6,6,No,2061,HeadStart Disney New Item Setup Sheet 2026.xlsx,products/headstart-inc/DS5531532.json
Headstart Inc,Disney Toddler,5531533,840150301233,Toy Story Push N Play Vehicles,30123,5.3500000000000005,,22.99,9,0,Yes,2061,HeadStart Disney New Item Setup Sheet 2026.xlsx,products/headstart-inc/DS5531533.json
Headstart Inc,Disney Toddler,5531534,840150301226,Toy Story Buzz Lightyear Feature Plush with Projector Light,30122,11.77,,39.99,4,3,No,2061,HeadStart Disney New Item Setup Sheet 2026.xlsx,products/headstart-inc/DS5531534.json
Headstart Inc,Disney Toddler,5531535,840150287216,Disney Toddler Mickey Mouse Shape O’Clock Learning Toy,28721,5.3500000000000005,,22.99,4,3,No,2061,HeadStart Disney New Item Setup Sheet 2026.xlsx,products/headstart-inc/DS5531535.json
Headstart Inc,Disney Toddler,5531536,840150287230,Disney Toddler Learn & Play Mickey Mouse Plush,28723,11.77,,39.99,4,2,No,2061,HeadStart Disney New Item Setup Sheet 2026.xlsx,products/headstart-inc/DS5531536.json
Headstart Inc,Disney Toddler,5531537,840150299493,Disney Toddler Learn & Play Minnie Mouse Plush,29949,11.77,,39.99,4,6,No,2061,HeadStart Disney New Item Setup Sheet 2026.xlsx,products/headstart-inc/DS5531537.json
Headstart Inc,Mermaid Magic,5531541,840150281368,"Mermaid Magic 9"" Doll - Merlinda",28136,4.67,,17.99,3,6,No,2061,Mermaid Magic New Item Setup Sheet Template Version 2026.xlsx,products/headstart-inc/DS5531541.json
Headstart Inc,Mermaid Magic,5531542,840150281375,"Mermaid Magic 9"" Doll - Sasha",28137,4.67,,17.99,3,6,No,2061,Mermaid Magic New Item Setup Sheet Template Version 2026.xlsx,products/headstart-inc/DS5531542.json
Headstart Inc,Mermaid Magic,5531543,840150281382,"Mermaid Magic 9"" Doll - Nerissa",28138,4.67,,17.99,3,6,No,2061,Mermaid Magic New Item Setup Sheet Template Version 2026.xlsx,products/headstart-inc/DS5531543.json
Headstart Inc,Mermaid Magic,5531544,840150281481,"Mermaid Magic  9"" Warrior Transformation Doll  - Merlinda",28148,10.8,,34.99,3,7,No,2061,Mermaid Magic New Item Setup Sheet Template Version 2026.xlsx,products/headstart-inc/DS5531544.json
Headstart Inc,Mermaid Magic,5531545,840150281498,"Mermaid Magic  9"" Warrior Transformation Doll  - Sasha",28149,10.8,,34.99,3,7,No,2061,Mermaid Magic New Item Setup Sheet Template Version 2026.xlsx,products/headstart-inc/DS5531545.json
Headstart Inc,Mermaid Magic,5531546,840150281504,"Mermaid Magic  9"" Warrior Transformation Doll - Nerissa",28150,10.8,,34.99,3,7,No,2061,Mermaid Magic New Item Setup Sheet Template Version 2026.xlsx,products/headstart-inc/DS5531546.json
Headstart Inc,Mermaid Magic,5531547,840150281634,Mermaid Magic Light Up Musical Necklace,28163,3.6,,16.99,3,6,No,2061,Mermaid Magic New Item Setup Sheet Template Version 2026.xlsx,products/headstart-inc/DS5531547.json
Headstart Inc,Mermaid Magic,5531548,840150296775,Mermaid Magic Accessory Set - Merlinda,29677,6,,24.99,6,2,No,2061,Mermaid Magic New Item Setup Sheet Template Version 2026.xlsx,products/headstart-inc/DS5531548.json
Smartivity,Smartivity,5531421,8908011797723,Food Body & Nutrition,SMRT1246,15,,29.99,6,5,No,2058,Smartivity Food Body Nutrition New Item Setup Sheet Template Version 2025.xlsx,products/smartivity/DS5531421.json
