DS#,Vendor,Product Name,Lifecycle,Amazon,Walmart 1P,Walmart 3P,TikTok Shop,Best Buy,NocNoc,Shopify (Face2FaceFun),Toys R Us,eBay,Target Plus,Open Cases,Channels Live
5530108,Bandai Namco,Tamagotchi nano x Star Wars - Grogu Tamagotchi Blue ver. (88886),active,not_listed,not_listed,not_listed,not_listed,pending,live,live,not_listed,live,pending,0,3
5530112,Bandai Namco,Tamagotchi - Original Tamagotchi - Pink Glitter (Updated Logo),active,not_listed,not_listed,not_listed,not_listed,pending,not_listed,live,not_listed,live,pending,0,2
5530123,Bandai Namco,Anime Heroes - Naruto - Uchiha Sasuke Rinnegan / Mangekyo Sharingan Action Figure,active,not_listed,not_listed,not_listed,live,pending,live,live,not_listed,live,pending,0,4
5530133,Bandai Namco,Dragon Stars Beerus -Version 2 Action Figure,active,not_listed,not_listed,not_listed,live,pending,live,live,not_listed,live,pending,0,4
5530135,Bandai Namco,Vital Hero Digimon - Black,active,not_listed,not_listed,not_listed,not_listed,not_listed,live,live,not_listed,live,not_listed,0,3
5530136,Bandai Namco,Vital Hero DIM Card Pack (Infinite Tide & Titan of Dust),active,not_listed,not_listed,not_listed,live,pending,live,live,not_listed,live,not_listed,0,4
5530313,Bandai Namco,Tamagotchi Original - Sakura,active,not_listed,not_listed,not_listed,not_listed,pending,live,live,not_listed,live,pending,0,3
5530315,Bandai Namco,Tamagotchi nano x Jujutsu Kaisen - Itadori (Japanese Version),active,not_listed,not_listed,not_listed,not_listed,pending,live,live,not_listed,live,pending,0,3
5530319,Bandai Namco,"Vital Hero Batman - Interactive Band w/ Watch, Heart Rate, and Step Counter",active,not_listed,not_listed,not_listed,not_listed,not_listed,live,live,not_listed,not_listed,pending,0,2
5530320,Bandai Namco,Anime Heroes - One Piece - Sanji Action Figure,active,not_listed,not_listed,not_listed,not_listed,pending,live,live,not_listed,live,pending,0,3
5530327,Bandai Namco,Anime Heroes - One Piece - Shanks Action Figure,active,not_listed,not_listed,not_listed,not_listed,pending,live,live,not_listed,live,pending,0,3
5530328,Bandai Namco,Anime Heroes - One Piece - Franky Action Figure,active,not_listed,not_listed,not_listed,live,pending,live,live,not_listed,live,pending,0,4
5530330,Bandai Namco,Anime Heroes - Naruto - Hatake Kakashi Fourth Great Ninja War Action Figure,active,not_listed,not_listed,not_listed,live,pending,live,live,not_listed,live,pending,0,4
5530332,Bandai Namco,Anime Heroes - One Piece - Portgas D. Ace Action Figure,active,not_listed,not_listed,not_listed,not_listed,pending,live,live,not_listed,live,not_listed,0,3
5530461,Bandai Namco,ANIME HEROES - One Piece - Roronoa Zoro Action Figure,active,not_listed,not_listed,not_listed,pending,pending,live,live,not_listed,live,pending,0,3
5530471,Bandai Namco,ANIME HEROES - Naruto Uzumaki - Jiraiya Action Figure,active,not_listed,not_listed,not_listed,live,pending,live,live,not_listed,live,not_listed,0,4
5530473,Bandai Namco,Tamagotchi Original - Pastel Marble,active,not_listed,not_listed,not_listed,not_listed,not_listed,not_listed,live,not_listed,not_listed,pending,0,1
5530474,Bandai Namco,Tamagotchi Original - Neon Lights,active,not_listed,not_listed,not_listed,not_listed,pending,live,live,not_listed,live,pending,0,3
5530712,Bandai Namco,"LIMIT BREAKER SERIES - Dragon Ball Super - Golden Frieza 12"" Action Figure",active,not_listed,not_listed,not_listed,live,pending,live,live,not_listed,live,pending,0,4
5530713,Bandai Namco,"LIMIT BREAKER SERIES - Dragon Ball Super - Ultra Instinct Goku 12"" Action Figure",active,not_listed,not_listed,not_listed,not_listed,pending,live,live,not_listed,live,pending,0,3
5530714,Bandai Namco,"LIMIT BREAKER SERIES - Dragon Ball Super - Super Saiyan Vegeta 12"" Action Figure",active,not_listed,not_listed,not_listed,not_listed,pending,live,live,not_listed,live,pending,0,3
5530715,Bandai Namco,"LIMIT BREAKER SERIES - Dragon Ball Super - Goku 12"" Action Figure",active,not_listed,not_listed,not_listed,not_listed,pending,live,live,not_listed,pending,pending,0,2
5530716,Bandai Namco,"LIMIT BREAKER SERIES - Dragon Ball Super - Jiren 12"" Action Figure",active,not_listed,not_listed,not_listed,not_listed,pending,live,live,not_listed,live,pending,0,3
5530717,Bandai Namco,"LIMIT BREAKER SERIES - Dragon Ball Super - Vegeta 12"" Action Figure",active,not_listed,not_listed,not_listed,not_listed,pending,live,live,not_listed,not_listed,pending,0,2
5530718,Bandai Namco,"LIMIT BREAKER SERIES - Dragon Ball Super - Goku Black 12"" Action Figure",active,not_listed,not_listed,not_listed,not_listed,pending,live,live,not_listed,live,pending,0,3
5530719,Bandai Namco,"LIMIT BREAKER SERIES - Dragon Ball Super - Super Saiyan Goku (Battle Damage Ver.) 12"" Action Figure",active,not_listed,not_listed,not_listed,not_listed,pending,live,live,not_listed,live,pending,0,3
5530720,Bandai Namco,"LIMIT BREAKER SERIES - Dragon Ball Super - Majin Buu (Final Form) 12"" Action Figure",active,not_listed,not_listed,not_listed,not_listed,pending,live,live,not_listed,live,pending,0,3
5530721,Bandai Namco,"LIMIT BREAKER SERIES - Dragon Ball Super - Super Saiyan 4 Goku 12"" Action Figure",active,not_listed,not_listed,not_listed,not_listed,pending,live,live,not_listed,live,pending,0,3
5530722,Bandai Namco,"LIMIT BREAKER SERIES - Dragon Ball Super - Super Saiyan Blue Gogeta 12"" Action Figure",active,not_listed,not_listed,not_listed,not_listed,pending,live,live,not_listed,live,pending,0,3
5530723,Bandai Namco,"LIMIT BREAKER SERIES - Dragon Ball Super - Super Saiyan Gohan 12"" Action Figure",active,not_listed,not_listed,not_listed,not_listed,pending,live,live,not_listed,live,pending,0,3
5530724,Bandai Namco,"LIMIT BREAKER SERIES - Dragon Ball Super - Cell (Final Form) 12"" Action Figure",active,not_listed,not_listed,not_listed,not_listed,pending,live,live,not_listed,live,pending,0,3
5530725,Bandai Namco,"LIMIT BREAKER SERIES - Dragon Ball Super - Super Saiyan Blue Vegito 12"" Action Figure",active,not_listed,not_listed,not_listed,not_listed,pending,live,live,not_listed,live,pending,0,3
5530727,Bandai Namco,"LIMIT BREAKER SERIES - Dragon Ball Super - Ultimate Gohan 12"" Action Figure",active,not_listed,not_listed,not_listed,not_listed,pending,live,live,not_listed,live,pending,0,3
5530874,Bandai Namco,Tamagotchi Connection - Bubbles,active,not_listed,not_listed,not_listed,not_listed,pending,live,live,not_listed,not_listed,pending,0,2
5530875,Bandai Namco,Tamagotchi Connection - Ice Cream,active,not_listed,not_listed,not_listed,not_listed,pending,live,live,not_listed,not_listed,pending,0,2
5530876,Bandai Namco,Tamagotchi Connection - Rainbow Sky,active,not_listed,not_listed,not_listed,not_listed,pending,live,live,not_listed,not_listed,pending,0,2
5530877,Bandai Namco,Tamagotchi Connection - Clear Retro,active,not_listed,not_listed,not_listed,not_listed,pending,live,live,not_listed,not_listed,pending,0,2
5530878,Bandai Namco,Tamagotchi Connection True Friends - Blue Graffiti and Pink Graffiti,active,not_listed,not_listed,not_listed,not_listed,pending,live,live,not_listed,not_listed,pending,0,2
5530906,Bandai Namco,ANIME HEROES - Chainsaw Man - Denji & Pochita Action Figure,active,not_listed,not_listed,not_listed,not_listed,pending,live,live,not_listed,live,pending,0,3
5530907,Bandai Namco,ANIME HEROES - My Hero Academia - Midoriya Izuku Action Figure,active,not_listed,not_listed,not_listed,not_listed,pending,live,live,not_listed,live,pending,0,3
5530909,Bandai Namco,ANIME HEROES - My Hero Academia - All Might Action Figure,active,not_listed,not_listed,not_listed,not_listed,pending,live,live,not_listed,live,pending,0,3
5530910,Bandai Namco,ANIME HEROES - Naruto - Sasuke Uchiha Taka ver. Action Figure,active,not_listed,not_listed,not_listed,not_listed,pending,live,live,not_listed,live,pending,0,3
5530911,Bandai Namco,ANIME HEROES - Naruto - Orochimaru Action Figure,active,not_listed,not_listed,not_listed,not_listed,pending,live,live,not_listed,live,pending,0,3
5530912,Bandai Namco,"ANIME HEROES MEGA - Naruto - Naruto Uzumaki 12"" Action Figure",active,not_listed,not_listed,not_listed,not_listed,pending,live,live,not_listed,live,pending,0,3
5530913,Bandai Namco,"ANIME HEROES MEGA - Naruto - Sasuke Uchiha 12"" Action Figure",active,not_listed,not_listed,not_listed,not_listed,pending,live,live,not_listed,live,pending,0,3
5530914,Bandai Namco,"ANIME HEROES MEGA - Naruto - Kakashi 12"" Action Figure",active,not_listed,not_listed,not_listed,not_listed,pending,live,live,not_listed,live,pending,0,3
5530915,Bandai Namco,ANIME HEROES - Jujutsu Kaisen - Gojo Satoru Hollow Purple Action Figure,active,not_listed,not_listed,not_listed,not_listed,pending,live,live,not_listed,pending,pending,0,2
5530917,Bandai Namco,ANIME HEROES Beyond - Naruto - Kakashi Susano Ver. Action Figure w/ Accessory Pack,active,not_listed,not_listed,not_listed,not_listed,pending,live,live,not_listed,not_listed,pending,0,2
5530918,Bandai Namco,ANIME HEROES - One Piece - Dracule Mihawk Action Figure,active,not_listed,not_listed,not_listed,not_listed,pending,live,live,not_listed,not_listed,pending,0,2
5530919,Bandai Namco,ANIME HEROES - One Piece - Roronoa Zoro Three Sword Style Action Figure,active,not_listed,not_listed,not_listed,not_listed,pending,live,live,not_listed,live,pending,0,3
5530920,Bandai Namco,ANIME HEROES - One Piece - Sabo Action Figure,active,not_listed,not_listed,not_listed,not_listed,pending,live,live,not_listed,live,pending,0,3
5531372,BLADEZ TOYS,Hot Wheels Motorised Track Playset (6pcs),active,not_listed,not_listed,not_listed,live,pending,not_listed,live,not_listed,live,not_listed,0,3
5531373,BLADEZ TOYS,Hot Wheels Creative Maker Kitz - Custom Racer Kit Super Van,active,not_listed,not_listed,not_listed,live,pending,not_listed,live,not_listed,live,pending,0,3
5531374,BLADEZ TOYS,Hot Wheels Bumper Activity Set,active,live,not_listed,not_listed,live,not_listed,not_listed,live,not_listed,live,live,0,5
5531375,BLADEZ TOYS,Hot Wheels Motor Maker Kitz - 4x4 Monster Trucks Kit,active,not_listed,not_listed,not_listed,live,pending,not_listed,live,not_listed,live,live,0,4
5531376,BLADEZ TOYS,Hot Wheels R/C Shark Bite 2 Channel Gyro Helicopter,active,not_listed,not_listed,not_listed,not_listed,pending,not_listed,live,not_listed,live,pending,0,2
5531377,BLADEZ TOYS,Hot Wheels Motor Maker Kitz - Street Racer Kit,active,not_listed,not_listed,not_listed,not_listed,pending,not_listed,live,not_listed,live,live,0,3
5531378,BLADEZ TOYS,Hot Wheels Creative Maker Kitz - Custom Racer Kit Rodger Dodger,active,not_listed,not_listed,not_listed,live,pending,not_listed,live,not_listed,live,not_listed,0,3
5531379,BLADEZ TOYS,Hot Wheels TEK Maker Kitz - Motorised Racer Kit,active,not_listed,not_listed,not_listed,live,pending,not_listed,live,not_listed,live,live,0,4
5531380,BLADEZ TOYS,Hot Wheels Monster Trucks Crash Zone Twin Pack,active,live,not_listed,not_listed,live,not_listed,not_listed,live,not_listed,live,live,0,5
5531381,BLADEZ TOYS,Hot Wheels Creative Maker Kitz - Custom Monster Trucks Kit - Town Hauler,active,not_listed,not_listed,not_listed,live,not_listed,not_listed,live,not_listed,live,pending,0,3
5531382,BLADEZ TOYS,Hot Wheels Activity Set,active,live,not_listed,not_listed,live,pending,not_listed,live,not_listed,live,not_listed,0,4
5531383,BLADEZ TOYS,Hot Wheels Motor Maker Kitz - Challenge Accepted Race Kit,active,not_listed,not_listed,not_listed,live,pending,not_listed,live,not_listed,live,live,0,4
5531384,BLADEZ TOYS,Hot Wheels Creative Maker Kitz - Custom Racer Duel Pack,active,pending,not_listed,not_listed,live,pending,not_listed,live,not_listed,live,pending,0,3
5531385,BLADEZ TOYS,Hot Wheels Hawk 24 Racing Drone,active,not_listed,not_listed,not_listed,not_listed,not_listed,not_listed,live,not_listed,live,pending,0,2
5531386,BLADEZ TOYS,Hot Wheels Sticker Activity Set,active,live,not_listed,not_listed,live,pending,not_listed,live,not_listed,live,live,0,5
5531387,BLADEZ TOYS,Hot Wheels Sticker Activity Set (6 Pack),active,not_listed,not_listed,not_listed,live,pending,not_listed,live,not_listed,live,live,0,4
5531388,BLADEZ TOYS,Hot Wheels Sticker Activity Set (12 Pack),active,not_listed,not_listed,not_listed,live,pending,not_listed,live,not_listed,live,live,0,4
5531389,BLADEZ TOYS,Hot Wheels Mini Maker Kitz Monster Trucks,active,not_listed,not_listed,not_listed,live,pending,not_listed,live,not_listed,live,pending,0,3
5531390,BLADEZ TOYS,Hot Wheels Mini Maker Kitz Monster Trucks (3 Pack),active,not_listed,not_listed,not_listed,live,pending,not_listed,live,not_listed,live,pending,0,3
5531391,BLADEZ TOYS,Hot Wheels Mini Maker Kitz Monster Trucks (8 Pack),active,live,not_listed,not_listed,live,pending,not_listed,live,not_listed,live,live,0,5
5531392,BLADEZ TOYS,Hot Wheels Mini Maker Kitz,active,not_listed,not_listed,not_listed,live,pending,not_listed,live,not_listed,live,pending,0,3
5531393,BLADEZ TOYS,Hot Wheels Mini Maker Kitz (3 Pack),active,not_listed,not_listed,not_listed,live,pending,not_listed,live,not_listed,live,live,0,4
5531394,BLADEZ TOYS,Hot Wheels Mini Maker Kitz (16 Pack),active,not_listed,not_listed,not_listed,live,pending,not_listed,live,not_listed,live,pending,0,3
5531395,BLADEZ TOYS,Hot Wheels Monster Trucks Sticker Activity Set,active,not_listed,not_listed,not_listed,live,not_listed,not_listed,live,not_listed,live,not_listed,0,3
5531396,BLADEZ TOYS,Hot Wheels Monster Trucks Sticker Activity Set (6 Pack),active,not_listed,not_listed,not_listed,live,not_listed,not_listed,live,not_listed,live,live,0,4
5531397,BLADEZ TOYS,Hot Wheels Monster Trucks Sticker Activity Set (12 Pack),active,not_listed,not_listed,not_listed,live,not_listed,not_listed,live,not_listed,live,live,0,4
5531398,BLADEZ TOYS,Bladez RPM R/C Stunt Racer (Green/Grey),active,not_listed,not_listed,not_listed,live,not_listed,not_listed,live,not_listed,not_listed,not_listed,0,2
5531399,BLADEZ TOYS,Bladez RPM R/C Stunt Racer (Purple/Blue),active,not_listed,not_listed,not_listed,live,not_listed,not_listed,live,not_listed,not_listed,live,0,3
5531400,BLADEZ TOYS,Bladez RPM R/C 1:10 Mega Monster Truck,active,not_listed,not_listed,not_listed,not_listed,not_listed,not_listed,live,not_listed,not_listed,pending,0,1
5531401,BLADEZ TOYS,Bladez RPM R/C 1:18 Monster Truck,active,not_listed,not_listed,not_listed,live,not_listed,not_listed,live,not_listed,not_listed,live,0,3
5531402,BLADEZ TOYS,Bladez RPM R/C 1:20 Armoured Racer,active,not_listed,not_listed,not_listed,live,not_listed,not_listed,live,not_listed,not_listed,live,0,3
5531403,BLADEZ TOYS,Bladez RPM R/C 1:10 Ultimate Racer,active,not_listed,not_listed,not_listed,not_listed,not_listed,not_listed,live,not_listed,not_listed,pending,0,1
5531404,BLADEZ TOYS,Bladez Electronic Whack-A-Mole Style (Yellow/Purple),active,not_listed,not_listed,not_listed,live,not_listed,not_listed,live,not_listed,not_listed,live,0,3
5531405,BLADEZ TOYS,Bladez Electronic Whack-A-Mole (Blue/Green),active,not_listed,not_listed,not_listed,live,not_listed,not_listed,live,not_listed,not_listed,not_listed,0,2
5531406,BLADEZ TOYS,Bladez TEK Lazer Tag (Red/Blue),active,not_listed,not_listed,not_listed,live,not_listed,not_listed,live,not_listed,not_listed,live,0,3
5531407,BLADEZ TOYS,Harry Potter Activity Set,active,not_listed,not_listed,not_listed,not_listed,not_listed,not_listed,live,not_listed,not_listed,live,0,2
5531408,BLADEZ TOYS,Harry Potter Creative Maker Kitz - Make Your Own Light Up Weasley Burrow,active,not_listed,not_listed,not_listed,live,not_listed,not_listed,live,not_listed,not_listed,live,0,3
5531409,BLADEZ TOYS,Harry Potter Creative Maker Kitz - Make Your Own Light-Up Hogwarts,active,not_listed,not_listed,not_listed,not_listed,not_listed,not_listed,live,not_listed,not_listed,live,0,2
5531410,BLADEZ TOYS,Harry Potter Creative Maker Kitz - Make Your Own Hogwarts Lanterns,active,not_listed,not_listed,not_listed,not_listed,not_listed,not_listed,live,not_listed,not_listed,not_listed,0,1
5531411,BLADEZ TOYS,Harry Potter Hogwarts Bumper Activity Set,active,not_listed,not_listed,not_listed,not_listed,not_listed,not_listed,live,not_listed,not_listed,not_listed,0,1
5531412,BLADEZ TOYS,Harry Potter Maker Kitz - Make Your Own Niffler,active,live,not_listed,not_listed,live,not_listed,not_listed,live,not_listed,not_listed,live,0,4
5531413,BLADEZ TOYS,Harry Potter Maker Kitz - Make Your Own Buckbeak,active,not_listed,not_listed,not_listed,live,pending,not_listed,live,not_listed,not_listed,live,0,3
5531414,BLADEZ TOYS,Harry Potter Maker Kitz - Make Your Own Hedwig,active,live,not_listed,not_listed,live,not_listed,not_listed,live,not_listed,not_listed,live,0,4
5531415,BLADEZ TOYS,Harry Potter Sticker Activity Set,active,live,not_listed,not_listed,not_listed,pending,not_listed,live,not_listed,not_listed,pending,0,2
5531416,BLADEZ TOYS,Harry Potter Sticker Activity Set (6 Pack),active,not_listed,not_listed,not_listed,not_listed,pending,not_listed,live,not_listed,not_listed,live,0,2
5531417,BLADEZ TOYS,Harry Potter Sticker Activity Set (12 Pack),active,not_listed,not_listed,not_listed,not_listed,pending,not_listed,live,not_listed,not_listed,pending,0,1
5531418,BLADEZ TOYS,Harry Potter Maker Kitz -  Make Your Own Magical Creatures,active,live,not_listed,not_listed,live,pending,not_listed,live,not_listed,not_listed,live,0,4
5531419,BLADEZ TOYS,Harry Potter Creative Maker Kitz - Make Your Own Knight Bus,active,not_listed,not_listed,not_listed,not_listed,not_listed,not_listed,live,not_listed,not_listed,live,0,2
5531420,BLADEZ TOYS,Harry Potter Maker Kitz - Make Your Own Dobby,active,not_listed,not_listed,not_listed,not_listed,not_listed,not_listed,live,not_listed,live,live,0,3
5531549,BLADEZ TOYS,Hot Wheels R/C Drift 'N' Fly Drone,active,not_listed,not_listed,not_listed,not_listed,not_listed,not_listed,not_listed,not_listed,not_listed,not_listed,0,0
5531550,BLADEZ TOYS,Hot Wheels Monster Marker Set,active,live,not_listed,not_listed,not_listed,not_listed,not_listed,not_listed,not_listed,not_listed,not_listed,0,1
5531551,BLADEZ TOYS,Bladez RPM R/C 1:10 Ultimate Racer (Orange/Blue),active,live,not_listed,not_listed,not_listed,not_listed,not_listed,not_listed,not_listed,not_listed,not_listed,0,1
5531362,Cactus Games,Apples to Apples Bible Edition Game,active,not_listed,live,not_listed,live,not_listed,not_listed,live,not_listed,not_listed,live,0,4
5531363,Cactus Games,Bible Outburst Game,active,not_listed,not_listed,not_listed,live,not_listed,live,live,not_listed,not_listed,live,0,4
5531364,Cactus Games,Scattergories Bible Editon Game,active,not_listed,not_listed,not_listed,live,not_listed,live,live,not_listed,not_listed,live,0,4
5531365,Cactus Games,Cranium Bible Edition Game,active,not_listed,not_listed,not_listed,live,not_listed,live,live,not_listed,not_listed,live,0,4
5531366,Cactus Games,Operation Noah's Ark Edition Game,active,not_listed,not_listed,not_listed,live,not_listed,not_listed,live,not_listed,not_listed,live,0,3
5531367,Cactus Games,Bible Inklings Trivia Game,active,not_listed,not_listed,not_listed,live,not_listed,not_listed,live,not_listed,not_listed,live,0,3
5531368,Cactus Games,Nativity Playset,active,not_listed,live,not_listed,live,not_listed,live,live,not_listed,not_listed,pending,0,4
5531369,Cactus Games,Galilean Boat with Jesus & Apostles Playset,active,not_listed,live,not_listed,live,not_listed,live,live,not_listed,not_listed,live,0,5
5531370,Cactus Games,Louie the Lamb Prayer Buddy,active,not_listed,not_listed,not_listed,live,not_listed,live,live,not_listed,not_listed,live,0,4
5531371,Cactus Games,Liam the Lion Prayer Buddy,active,not_listed,not_listed,not_listed,live,not_listed,live,live,not_listed,not_listed,pending,0,3
5526590,CANAL TOYS,So Slime DIY Slime Case Shaker Storage Set,active,live,not_listed,not_listed,not_listed,pending,live,live,not_listed,live,live,0,5
5526591,CANAL TOYS,So Slime DIY Slime Factory – Just Add Water!,active,live,not_listed,not_listed,live,pending,live,live,not_listed,live,live,0,6
5527199,CANAL TOYS,So Slime DIY Slime Factory – Bold & Creepy Edition,active,live,not_listed,not_listed,live,pending,live,live,not_listed,live,live,0,6
5528695,CANAL TOYS,Style 4 Ever DIY Lava Lamp Kit,active,live,not_listed,not_listed,not_listed,pending,live,live,not_listed,live,live,0,5
5528927,CANAL TOYS,"Studio Creator Video Maker Kit with Ring Light, Tripod & Green Screen",active,live,not_listed,not_listed,live,pending,live,live,not_listed,live,live,0,6
5529320,CANAL TOYS,Studio Creator V2 Video Maker Kit with LED Ring Light & Green Screen,active,live,not_listed,not_listed,live,pending,live,live,not_listed,live,pending,0,5
5529831,CANAL TOYS,Airbrush Plush Refill Marker Set – 7 Colors & Stencils,active,live,not_listed,not_listed,live,pending,live,live,not_listed,live,pending,0,5
5529941,CANAL TOYS,Photo Creator Kids Instant Print Camera,active,live,not_listed,not_listed,not_listed,not_listed,live,live,not_listed,live,pending,0,4
5530496,CANAL TOYS,Airbrush Plush Unicorn Paint Bucket Set,active,not_listed,not_listed,not_listed,live,pending,not_listed,live,not_listed,live,live,0,4
5530498,CANAL TOYS,So Slime DIY Sensory Slime Factory,active,live,not_listed,not_listed,live,pending,live,live,not_listed,live,live,0,6
5530501,CANAL TOYS,So Slime DIY Glow-in-the-Dark Lava Slime 5-Pack,active,live,not_listed,not_listed,not_listed,pending,live,live,not_listed,live,pending,0,4
5530503,CANAL TOYS,So Slime DIY Marble Mix & Twist Slime Kit,active,live,not_listed,not_listed,not_listed,pending,live,live,not_listed,live,live,0,5
5530505,CANAL TOYS,Studio Creator 360° Video Maker Kit with Motion Tracking,active,live,not_listed,not_listed,not_listed,pending,live,live,not_listed,live,pending,0,4
5530506,CANAL TOYS,Studio Creator Podcast & Vlog Kit with Microphone & LED Light,active,live,not_listed,not_listed,not_listed,pending,live,live,not_listed,live,live,0,5
5530977,CANAL TOYS,Style 4 Ever Fashion Design Studio,active,live,live,not_listed,live,pending,not_listed,live,not_listed,live,live,0,6
5530978,CANAL TOYS,Airbrush Plush Panda – Customizable Stuffed Animal Kit,active,live,live,not_listed,live,pending,live,live,not_listed,live,live,0,7
5530979,CANAL TOYS,Airbrush Plush Mini Mystery 2-Pack – DIY Plush Decorating Kit,active,live,not_listed,not_listed,live,pending,live,live,not_listed,live,live,0,6
5530980,CANAL TOYS,Airbrush Plush Koala – DIY Stuffed Animal Decorating Kit,active,live,live,not_listed,live,pending,live,live,not_listed,live,live,0,7
5530981,CANAL TOYS,Airbrush Plush Kitty – DIY Stuffed Animal Decorating Kit,active,live,live,not_listed,live,pending,live,live,not_listed,live,live,0,7
5530982,CANAL TOYS,Style 4 Ever 3-in-1 Scrapbooking Station,active,live,not_listed,not_listed,live,pending,live,live,not_listed,live,pending,0,5
5530983,CANAL TOYS,Airbrush Plush Light-Up Cosmic Unicorn with Fortune Teller,active,live,live,not_listed,not_listed,pending,live,live,not_listed,live,live,0,6
5530984,CANAL TOYS,Style 4 Ever Diamond Art Lamp Set – Unicorn & Butterfly,active,live,not_listed,not_listed,live,pending,live,live,not_listed,live,live,0,6
5530985,CANAL TOYS,Style 4 Ever Diamond Art 4-in-1 Studio with LED Drawing Board,active,live,not_listed,not_listed,live,pending,live,live,not_listed,live,live,0,6
5530986,CANAL TOYS,Airbrush Plush Neon Puppy – DIY Stuffed Animal Decorating Kit,active,live,live,not_listed,live,pending,live,live,not_listed,live,live,0,7
5530987,CANAL TOYS,So Slime DIY Slime'licious Scented Slime Station,active,live,live,not_listed,live,pending,live,live,not_listed,live,pending,0,6
5530988,CANAL TOYS,So Slime DIY Slime'spresso Café Slime Making Machine,active,live,not_listed,not_listed,live,pending,live,live,not_listed,live,pending,0,5
5530989,CANAL TOYS,Paw Patrol Instant Print Camera for Kids,active,live,not_listed,not_listed,not_listed,not_listed,live,live,not_listed,live,pending,0,4
5530990,CANAL TOYS,Photo Creator Instant Camera Thermal Paper Refill – 10 Rolls,active,live,live,not_listed,not_listed,not_listed,live,live,not_listed,live,pending,0,5
5530991,CANAL TOYS,Airbrush Plush Hair'iffic Squishy Kitty – Styling & Airbrush Kit,active,live,live,not_listed,live,pending,live,live,not_listed,live,live,0,7
5530992,CANAL TOYS,Airbrush Plush Hair'iffic Hair Salon & Squishy Plush Styling Set,active,live,live,not_listed,live,pending,live,live,not_listed,live,live,0,7
5530993,CANAL TOYS,Airbrush Plush Light-Up Axolotl – DIY Mood Light Plush Kit,active,live,live,not_listed,live,pending,live,live,not_listed,live,live,0,7
5530994,CANAL TOYS,Airbrush Plush Kawaii Bear – DIY Squishy Plush Decorating Kit,active,live,live,not_listed,live,pending,live,live,not_listed,live,live,0,7
5530995,CANAL TOYS,Art Lab by Canal Toys Fluffy Puffy Paint Studio,active,live,live,not_listed,live,pending,live,live,not_listed,live,pending,0,6
5530996,CANAL TOYS,Photo Creator Instant Print Camera – Pink Edition,active,live,not_listed,not_listed,not_listed,not_listed,live,live,not_listed,live,pending,0,4
5530997,CANAL TOYS,Real Mini Camera – Original Style Digital Keychain Camera,active,live,live,not_listed,not_listed,not_listed,live,live,not_listed,live,pending,0,5
5530998,CANAL TOYS,Real Mini Camera – Compact Style Digital Keychain Camera,active,live,live,not_listed,not_listed,not_listed,live,live,not_listed,live,pending,0,5
5530999,CANAL TOYS,"Doodle Copy Machine – Trace, Print & Color Drawing Toy",active,live,live,not_listed,not_listed,not_listed,live,live,not_listed,live,live,0,6
5531000,CANAL TOYS,Style 4 Ever Mini Camera Backpack Charm Kit with Beads,active,live,live,not_listed,not_listed,pending,live,live,not_listed,live,live,0,6
5531006,East River Toys,Spin The Bottle - Friends Edition,active,not_listed,live,not_listed,live,pending,live,live,not_listed,live,live,0,6
5531007,East River Toys,Spin The Bottle - Blackout Edition,active,not_listed,live,not_listed,live,pending,live,live,not_listed,live,live,0,6
5531008,East River Toys,"Little Tokyo Wobbly Wooden Stacking Game – Tokyo-Themed Figures Including Maneki-Neko, Kaiju & Sumo Two-Tower Strategy Game for Family Game Night",active,not_listed,live,not_listed,live,pending,live,live,not_listed,live,live,0,6
5531009,East River Toys,Ramen Chef Memory Card Game – Japanese-Themed Flip & Match Game for Families 2–4 Players Ages 8+ 20-Minute Play Time,active,not_listed,live,not_listed,live,pending,live,live,not_listed,live,live,0,6
5531010,East River Toys,Catch Me Aho! Strategic Card Game – Tokyo-Inspired Cat & Mouse Game for Adults & Teens 2–6 Players Ages 16+ 20-Minute Play Time,active,not_listed,live,not_listed,live,pending,live,live,not_listed,live,live,0,6
5531011,East River Toys,Dan Dan Dan Reaction Card Game – Tekiya-Inspired Analog Showdown Game 2–4 Players Ages 14+ Includes Limited Edition Pendant,active,not_listed,live,not_listed,live,pending,live,live,not_listed,live,live,0,6
5531012,East River Toys,Love Hotel Manager Card Game – Humorous Facility Strategy Game for Adults 2–4 Players Osaka-Themed Unique Party Game Experience,active,not_listed,live,not_listed,live,pending,live,live,not_listed,live,live,0,6
5531519,East River Toys,Dice Batter,active,not_listed,not_listed,not_listed,not_listed,not_listed,not_listed,live,not_listed,not_listed,not_listed,0,1
5531520,East River Toys,What's Under Your Bed?,active,not_listed,not_listed,not_listed,not_listed,not_listed,not_listed,live,not_listed,not_listed,not_listed,0,1
5531521,East River Toys,Tortilla Takedown,active,not_listed,not_listed,not_listed,not_listed,not_listed,not_listed,live,not_listed,not_listed,not_listed,0,1
5531522,East River Toys,What The Film?,active,not_listed,not_listed,not_listed,not_listed,not_listed,not_listed,live,not_listed,not_listed,not_listed,0,1
5531523,East River Toys,Little Pig Little Pig,active,not_listed,not_listed,not_listed,not_listed,not_listed,not_listed,live,not_listed,not_listed,not_listed,0,1
5531524,East River Toys,Weather Hunters The Game,active,not_listed,not_listed,not_listed,not_listed,not_listed,not_listed,live,not_listed,not_listed,not_listed,0,1
5531422,Family Games America,MATCHITECTURE - GLUE - 120 ML /4 OZ,active,not_listed,not_listed,not_listed,not_listed,not_listed,not_listed,live,not_listed,not_listed,not_listed,0,1
5531423,Family Games America,MATCHITECTURE - MICROBEAM REFILL KIT,active,not_listed,live,not_listed,not_listed,not_listed,not_listed,live,not_listed,not_listed,not_listed,0,2
5531424,Family Games America,MATCHITECTURE - FOKKER DR1 TRIPLANE - 1050 PCS.,active,live,not_listed,not_listed,not_listed,not_listed,not_listed,live,not_listed,not_listed,not_listed,0,2
5531425,Family Games America,MATCHITECTURE - EIFFEL TOWER - 1150 PCS.,active,live,live,not_listed,not_listed,not_listed,not_listed,live,not_listed,not_listed,not_listed,0,3
5531426,Family Games America,MATCHITECTURE - GOLD RUSH TRAIN - 1800 PCS.,active,not_listed,not_listed,not_listed,not_listed,not_listed,not_listed,live,not_listed,not_listed,not_listed,0,1
5531427,Family Games America,MATCHITECTURE - STATUE OF LIBERTY - 1250 PCS.,active,not_listed,live,not_listed,not_listed,not_listed,not_listed,live,not_listed,not_listed,not_listed,0,2
5531428,Family Games America,MATCHITECTURE - FIRE TRUCK - 1600 PCS.,active,live,not_listed,not_listed,not_listed,not_listed,not_listed,live,not_listed,not_listed,not_listed,0,2
5531429,Family Games America,MATCHITECTURE - ANTIQUE CAR - 1150 PCS.,active,live,not_listed,not_listed,not_listed,not_listed,not_listed,live,not_listed,not_listed,not_listed,0,2
5531430,Family Games America,MATCHITECTURE - ARC DE TRIOMPHE - 1750 PCS.,active,live,not_listed,not_listed,not_listed,not_listed,not_listed,live,not_listed,not_listed,not_listed,0,2
5531431,Family Games America,MATCHITECTURE - BIG BEN - 1250 PCS.,active,live,live,not_listed,not_listed,not_listed,not_listed,live,not_listed,not_listed,not_listed,0,3
5531432,Family Games America,MATCHITECTURE - TOWER OF PISA - 2300 PCS.,active,not_listed,not_listed,not_listed,not_listed,not_listed,not_listed,live,not_listed,not_listed,not_listed,0,1
5531433,Family Games America,MATCHITECTURE - THE QUEBEC BRIDGE -  2150 PCS.,active,live,not_listed,not_listed,not_listed,not_listed,not_listed,live,not_listed,not_listed,not_listed,0,2
5531434,Family Games America,MATCHITECTURE - WINDMILL - 2700 PCS.,active,not_listed,not_listed,not_listed,not_listed,not_listed,not_listed,live,not_listed,not_listed,not_listed,0,1
5531435,Family Games America,MATCHITECTURE - BIG RIG TRUCK - 2000 PCS.,active,live,not_listed,not_listed,not_listed,not_listed,not_listed,live,not_listed,not_listed,not_listed,0,2
5531436,Family Games America,MATCHITECTURE - COUNTRY HOUSE - 2300 PCS.,active,live,live,not_listed,not_listed,not_listed,not_listed,live,not_listed,not_listed,not_listed,0,3
5531437,Family Games America,MATCHITECTURE - 1001 NIGHTS - 1550 PCS.,active,not_listed,not_listed,not_listed,not_listed,not_listed,not_listed,live,not_listed,not_listed,not_listed,0,1
5531438,Family Games America,MATCHITECTURE - THE WHITE HOUSE - 1900 PCS.,active,live,live,not_listed,not_listed,not_listed,not_listed,live,not_listed,not_listed,not_listed,0,3
5531439,Family Games America,MATCHITECTURE - MISSISSIPPI RIVERBOAT - 4500 PCS.,active,not_listed,not_listed,not_listed,not_listed,not_listed,not_listed,live,not_listed,not_listed,not_listed,0,1
5531440,Family Games America,MATCHITECTURE - LONDON BRIDGE - 5000 PCS.,active,live,live,not_listed,not_listed,not_listed,not_listed,live,not_listed,not_listed,not_listed,0,3
5531441,Family Games America,MATCHITECTURE - TAJ MAHAL - 7500 PCS.,active,live,live,not_listed,not_listed,not_listed,not_listed,live,not_listed,not_listed,not_listed,0,3
5531442,Family Games America,MATCHITECTURE - NOTRE DAME CATHEDRAL - 7500 PCS.,active,not_listed,live,not_listed,not_listed,not_listed,not_listed,live,not_listed,not_listed,not_listed,0,2
5531443,Family Games America,MATCHITECTURE - BULLDOZER - 500 PCS.,active,live,not_listed,not_listed,not_listed,not_listed,not_listed,live,not_listed,not_listed,not_listed,0,2
5531444,Family Games America,MATCHITECTURE - MECHANICAL DIGGER - 500 PCS.,active,live,live,not_listed,not_listed,not_listed,not_listed,live,not_listed,not_listed,not_listed,0,3
5531445,Family Games America,MATCHITECTURE - JAPANESE BRIDGE - 500 PCS.,active,not_listed,not_listed,not_listed,not_listed,not_listed,not_listed,live,not_listed,not_listed,not_listed,0,1
5531446,Family Games America,MATCHITECTURE - CHINESE JUNK - 500 PCS.,active,not_listed,not_listed,not_listed,not_listed,not_listed,not_listed,live,not_listed,not_listed,not_listed,0,1
5531447,Family Games America,MATCHITECTURE - RESCUE HELICOPTER - 500 PCS.,active,live,not_listed,not_listed,not_listed,not_listed,not_listed,live,not_listed,not_listed,not_listed,0,2
5531448,Family Games America,MATCHITECTURE - EMPIRE STATE BUILDING - 650 PCS.,active,not_listed,live,not_listed,not_listed,not_listed,not_listed,live,not_listed,not_listed,not_listed,0,2
5531449,Family Games America,MATCHITECTURE - CHRYSLER BUILDING - 850 PCS.,active,live,live,not_listed,not_listed,not_listed,not_listed,live,not_listed,not_listed,not_listed,0,3
5531450,Family Games America,MATCHITECTURE - MOTORCYCLE - 700 PCS.,active,live,live,not_listed,not_listed,not_listed,not_listed,live,not_listed,not_listed,not_listed,0,3
5531451,Family Games America,ROLL-O-PUZZ PUZZLE MAT - CLASSIC SIZE,active,not_listed,not_listed,not_listed,not_listed,not_listed,not_listed,live,not_listed,not_listed,not_listed,0,1
5531452,Family Games America,ROLL-O-PUZZ PUZZLE MAT - DELUXE SIZE,active,not_listed,live,not_listed,not_listed,not_listed,not_listed,live,not_listed,not_listed,not_listed,0,2
5531453,Family Games America,ROLL-O-PUZZ PUZZLE MAT - COMPACT SIZE,active,not_listed,live,not_listed,not_listed,not_listed,not_listed,live,not_listed,not_listed,not_listed,0,2
5531454,Family Games America,PARADUX,active,not_listed,not_listed,not_listed,not_listed,not_listed,not_listed,live,not_listed,not_listed,not_listed,0,1
5531455,Family Games America,ONE UP,active,not_listed,not_listed,not_listed,not_listed,not_listed,not_listed,live,not_listed,not_listed,not_listed,0,1
5531456,Family Games America,INVERSE,active,not_listed,not_listed,not_listed,not_listed,not_listed,not_listed,live,not_listed,not_listed,not_listed,0,1
5531457,Family Games America,QUIRKY,active,not_listed,not_listed,not_listed,not_listed,not_listed,not_listed,live,not_listed,not_listed,not_listed,0,1
5531458,Family Games America,MARK MY WORDS,active,not_listed,not_listed,not_listed,not_listed,not_listed,not_listed,live,not_listed,not_listed,not_listed,0,1
5531459,Family Games America,MATHABLE DELUXE,active,not_listed,not_listed,not_listed,not_listed,not_listed,not_listed,live,not_listed,not_listed,not_listed,0,1
5531460,Family Games America,MATHABLE DOMINO,active,not_listed,not_listed,not_listed,not_listed,not_listed,not_listed,live,not_listed,not_listed,not_listed,0,1
5531461,Family Games America,MATHABLE CLASSIC,active,not_listed,not_listed,not_listed,not_listed,not_listed,not_listed,live,not_listed,not_listed,not_listed,0,1
5531462,Family Games America,MATHABLE JR.,active,not_listed,not_listed,not_listed,not_listed,not_listed,not_listed,live,not_listed,not_listed,not_listed,0,1
5531463,Family Games America,DON'T COUNT ON IT -ORIGINAL,active,not_listed,not_listed,not_listed,not_listed,not_listed,not_listed,live,not_listed,not_listed,not_listed,0,1
5531464,Family Games America,DON'T BREAK THE BOTTLE WINE PUZZLE - ORIGINAL,active,not_listed,not_listed,not_listed,not_listed,not_listed,not_listed,live,not_listed,not_listed,not_listed,0,1
5531465,Family Games America,DON'T BREAK THE BOTTLE WINE PUZZLE - CORKSCREW,active,not_listed,not_listed,not_listed,not_listed,not_listed,not_listed,live,not_listed,not_listed,not_listed,0,1
5531466,Family Games America,GUZZLER DRINKING GAMES,active,not_listed,not_listed,not_listed,not_listed,not_listed,not_listed,live,not_listed,not_listed,not_listed,0,1
5531016,First 4 Figures,Animal Crossing: New Horizons – Isabelle,active,not_listed,live,not_listed,not_listed,pending,not_listed,live,not_listed,live,pending,0,3
5531017,First 4 Figures,Animal Crossing: New Horizons – K.K. Slider,active,not_listed,live,not_listed,not_listed,pending,not_listed,live,not_listed,live,live,0,4
5531018,First 4 Figures,Animal Crossing: New Horizons – Tom Nook,active,not_listed,live,not_listed,live,pending,not_listed,live,not_listed,live,live,0,5
5531019,First 4 Figures,Crash Bandicoot (Standard Edition),active,not_listed,live,not_listed,live,pending,not_listed,live,not_listed,live,live,0,5
5531020,First 4 Figures,Dark Souls: Sif the Great Grey Wolf SD (Standard Edition),active,not_listed,live,not_listed,live,pending,not_listed,live,not_listed,live,live,0,5
5531021,First 4 Figures,Darkstalkers – Morrigan Aensland,active,not_listed,live,not_listed,live,pending,not_listed,live,not_listed,live,live,0,5
5531022,First 4 Figures,Darkstalkers – Morrigan Aensland (Player 2 Variant),active,not_listed,live,not_listed,live,pending,not_listed,live,not_listed,live,live,0,5
5531023,First 4 Figures,Kirby and the Goal Door (Collector's Edition),active,live,live,not_listed,not_listed,pending,not_listed,live,not_listed,live,live,0,5
5531024,First 4 Figures,Kirby and the Goal Door (Standard Edition),active,not_listed,live,not_listed,not_listed,not_listed,not_listed,live,not_listed,live,live,0,4
5531025,First 4 Figures,Luigi's Mansion 3 - Luigi Standard Edition,active,not_listed,live,not_listed,not_listed,pending,not_listed,live,not_listed,live,live,0,4
5531026,First 4 Figures,Luigi's Mansion 3 (Collector's Edition),active,not_listed,live,not_listed,not_listed,pending,not_listed,live,not_listed,live,live,0,4
5531027,First 4 Figures,Mario Kart - Mario (Collector's Edition),active,not_listed,live,not_listed,not_listed,pending,not_listed,live,not_listed,live,pending,0,3
5531028,First 4 Figures,Mario Kart - Mario (Standard Edition),active,not_listed,live,not_listed,not_listed,pending,not_listed,live,not_listed,live,pending,0,3
5531029,First 4 Figures,Metal Gear Solid: Solid Snake SD (Standard Edition),active,not_listed,live,not_listed,live,pending,not_listed,live,not_listed,live,live,0,5
5531030,First 4 Figures,Metroid Prime™ - Samus Gravity Suit PVC,active,not_listed,live,not_listed,live,pending,not_listed,live,not_listed,live,live,0,5
5531031,First 4 Figures,Metroid Prime™ - Samus Gravity Suit PVC (Collector's Edition),active,not_listed,live,not_listed,live,not_listed,not_listed,live,not_listed,live,live,0,5
5531032,First 4 Figures,Metroid Prime™ - Samus Phazon Suit PVC,active,not_listed,live,not_listed,live,pending,not_listed,live,not_listed,live,live,0,5
5531033,First 4 Figures,Metroid Prime™ - Samus Phazon Suit PVC (Collector's Edition),active,not_listed,live,not_listed,live,not_listed,not_listed,live,not_listed,live,live,0,5
5531034,First 4 Figures,Metroid Prime™ - Samus Varia Suit PVC,active,not_listed,live,not_listed,live,pending,not_listed,live,not_listed,live,live,0,5
5531035,First 4 Figures,Metroid Prime™ - Samus Varia Suit PVC (Collector's Edition),active,not_listed,live,not_listed,live,pending,not_listed,live,not_listed,live,pending,0,4
5531036,First 4 Figures,Okami: Oki Wolf Form (Standard Edition),active,not_listed,live,not_listed,live,pending,not_listed,live,not_listed,live,live,0,5
5531037,First 4 Figures,Okami: Shiranui PVC (Celestial Howl) - Standard Edition,active,not_listed,not_listed,not_listed,not_listed,not_listed,not_listed,live,not_listed,not_listed,pending,0,1
5531038,First 4 Figures,Okami: Shiranui PVC (Normal Pose) - Standard Edition,active,not_listed,not_listed,not_listed,not_listed,not_listed,not_listed,live,not_listed,not_listed,pending,0,1
5531039,First 4 Figures,Ōkamiden - Chibiterasu PVC (Standard Edition),active,not_listed,live,not_listed,live,pending,not_listed,live,not_listed,live,live,0,5
5531040,First 4 Figures,Persona 5 - Joker PVC,active,not_listed,live,not_listed,not_listed,pending,not_listed,live,not_listed,live,live,0,4
5531041,First 4 Figures,Persona 5 - Joker PVC (Collector's Edition),active,not_listed,live,not_listed,not_listed,not_listed,not_listed,live,not_listed,live,pending,0,3
5531042,First 4 Figures,Sonic the Hedgehog - Sonic Adventure,active,not_listed,live,not_listed,not_listed,pending,not_listed,live,not_listed,live,live,0,4
5531043,First 4 Figures,Sonic the Hedgehog - Sonic Adventure (Collector's Edition),active,not_listed,live,not_listed,not_listed,not_listed,not_listed,live,not_listed,live,live,0,4
5531044,First 4 Figures,Sonic The Hedgehog: Sonic (Collector's Edition),active,not_listed,live,not_listed,not_listed,pending,not_listed,live,not_listed,live,live,0,4
5531045,First 4 Figures,Sonic The Hedgehog: Sonic (Standard Edition),active,not_listed,live,not_listed,not_listed,not_listed,not_listed,live,not_listed,live,live,0,4
5531046,First 4 Figures,Spyro The Dragon (Standard Edition),active,not_listed,live,not_listed,live,not_listed,not_listed,live,not_listed,live,live,0,5
5531047,First 4 Figures,Spyro™ 2: Classic Ripto's Rage (Standard Edition),active,not_listed,live,not_listed,live,pending,not_listed,live,not_listed,live,live,0,5
5531048,First 4 Figures,Tears of the Kingdom - Link,active,not_listed,live,not_listed,not_listed,pending,not_listed,live,not_listed,live,live,0,4
5531049,First 4 Figures,The Legend of Zelda: Breath of the Wild: Daruk (Collector's edition),active,not_listed,live,not_listed,live,not_listed,not_listed,live,not_listed,live,live,0,5
5531050,First 4 Figures,The Legend of Zelda: Breath of the Wild: Daruk (Standard edition),active,not_listed,live,not_listed,live,pending,not_listed,live,not_listed,live,live,0,5
5531051,First 4 Figures,The Legend of Zelda: Breath of the Wild: Hylian Shield (Collector's edition),active,not_listed,not_listed,not_listed,live,pending,not_listed,live,not_listed,live,pending,0,3
5531052,First 4 Figures,The Legend of Zelda: Breath of the Wild: Hylian Shield (Standard edition),active,not_listed,live,not_listed,live,not_listed,not_listed,live,not_listed,live,live,0,5
5531053,First 4 Figures,The Legend of Zelda: Breath of the Wild: Link (Collector's edition),active,not_listed,live,not_listed,live,not_listed,not_listed,live,not_listed,live,live,0,5
5531054,First 4 Figures,The Legend of Zelda: Breath of the Wild: Link (Standard edition),active,not_listed,live,not_listed,not_listed,not_listed,not_listed,live,not_listed,live,live,0,4
5531055,First 4 Figures,The Legend of Zelda: Breath of the Wild: Mipha  (Collector's edition),active,not_listed,live,not_listed,live,not_listed,not_listed,live,not_listed,live,live,0,5
5531056,First 4 Figures,The Legend of Zelda: Breath of the Wild: Mipha (Standard edition),active,not_listed,live,not_listed,live,pending,not_listed,live,not_listed,live,live,0,5
5531057,First 4 Figures,The Legend of Zelda: Breath of the Wild: Revali (Collector's edition),active,not_listed,live,not_listed,not_listed,not_listed,not_listed,live,not_listed,live,live,0,4
5531058,First 4 Figures,The Legend of Zelda: Breath of the Wild: Revali (Standard edition),active,not_listed,live,not_listed,live,not_listed,not_listed,live,not_listed,live,live,0,5
5531059,First 4 Figures,The Legend of Zelda: Breath of the Wild: Urbosa (Collector's edition),active,not_listed,live,not_listed,live,pending,not_listed,live,not_listed,live,pending,0,4
5531060,First 4 Figures,The Legend of Zelda: Breath of the Wild: Urbosa (Standard Edition),active,not_listed,not_listed,not_listed,live,pending,not_listed,live,not_listed,live,pending,0,3
5531061,First 4 Figures,The Legend of Zelda: Breath of the Wild: Zelda (Collector's edition),active,not_listed,live,not_listed,live,not_listed,not_listed,live,not_listed,live,live,0,5
5531062,First 4 Figures,The Legend of Zelda: Breath of the Wild: Zelda (Standard edition),active,not_listed,live,not_listed,live,not_listed,not_listed,live,not_listed,live,live,0,5
5531063,First 4 Figures,The Legend of Zelda: Majora's Mask (Collector's edition),active,not_listed,live,not_listed,live,not_listed,not_listed,live,not_listed,live,live,0,5
5531064,First 4 Figures,The Legend of Zelda: Majora's Mask (Standard edition),active,not_listed,live,not_listed,live,not_listed,not_listed,live,not_listed,live,live,0,5
5531065,First 4 Figures,Yu-Gi-Oh! - Red-Eyes B. Dragon Black Edition,active,not_listed,live,not_listed,not_listed,not_listed,not_listed,live,not_listed,live,live,0,4
5531066,First 4 Figures,Yu-Gi-Oh! - Red-Eyes B. Dragon Purple Edition,active,not_listed,live,not_listed,not_listed,not_listed,not_listed,live,not_listed,live,live,0,4
5531067,First 4 Figures,Yu-Gi-Oh! Blue Eyes White Dragon - Standard Edition - Silver,active,not_listed,live,not_listed,not_listed,not_listed,not_listed,live,not_listed,live,pending,0,3
5531068,First 4 Figures,Yu-Gi-Oh! Blue Eyes White Dragon - Standard Edition - White,active,not_listed,live,not_listed,not_listed,not_listed,not_listed,live,not_listed,live,live,0,4
5531069,First 4 Figures,Yu-Gi-Oh! Dark Magician (Blue Variant) - Standard Edition,active,not_listed,live,not_listed,not_listed,not_listed,not_listed,live,not_listed,live,live,0,4
5531070,First 4 Figures,Yu-Gi-Oh! Dark Magician (Purple Variant) - Standard Edition,active,not_listed,live,not_listed,not_listed,not_listed,not_listed,live,not_listed,live,live,0,4
5531071,First 4 Figures,Yu-Gi-Oh! Dark Magician Girl (Pastel Edition) - Standard Edition,active,not_listed,live,not_listed,not_listed,not_listed,not_listed,live,not_listed,live,live,0,4
5531072,First 4 Figures,Yu-Gi-Oh! Dark Magician Girl (Vibrant Edition) - Standard Edition,active,not_listed,live,not_listed,not_listed,not_listed,not_listed,live,not_listed,live,live,0,4
5531073,First 4 Figures,FiGGYZ - Street Fighter 2 - Ryu,active,not_listed,live,not_listed,live,pending,not_listed,live,not_listed,live,live,0,5
5531074,First 4 Figures,FiGGYZ - Street Fighter 2 - Chun Li,active,not_listed,live,not_listed,live,pending,not_listed,live,not_listed,live,live,0,5
5531075,First 4 Figures,FiGGYZ - Street Fighter 2 - Ken,active,not_listed,live,not_listed,live,pending,not_listed,live,not_listed,live,live,0,5
5531076,First 4 Figures,FiGGYZ - Street Fighter 2 - Guile,active,not_listed,live,not_listed,live,pending,not_listed,live,not_listed,live,live,0,5
5531077,First 4 Figures,FiGGYZ - Yu-Gi-Oh! - Yami Yugi,active,not_listed,live,not_listed,live,pending,not_listed,live,not_listed,live,live,0,5
5531078,First 4 Figures,FiGGYZ - Yu-Gi-Oh! - Dark Magician,active,not_listed,live,not_listed,live,pending,not_listed,live,not_listed,live,live,0,5
5531079,First 4 Figures,FiGGYZ - Yu-Gi-Oh! - Dark Magician Girl,active,not_listed,live,not_listed,live,pending,not_listed,live,not_listed,live,live,0,5
5531080,First 4 Figures,FiGGYZ - Yu-Gi-Oh! - Black Luster Soldier,active,not_listed,live,not_listed,live,pending,not_listed,live,not_listed,live,live,0,5
5531081,First 4 Figures,FiGGYZ - Frieren: Beyond Journey's End - Frieren,active,not_listed,live,not_listed,live,pending,not_listed,live,not_listed,live,live,0,5
5531082,First 4 Figures,FiGGYZ - Frieren: Beyond Journey's End - Fern,active,not_listed,live,not_listed,live,pending,not_listed,live,not_listed,live,live,0,5
5531083,First 4 Figures,FiGGYZ - Frieren: Beyond Journey's End - Stark,active,not_listed,live,not_listed,live,pending,not_listed,live,not_listed,live,live,0,5
5531084,First 4 Figures,FiGGYZ - Sea of Thieves - Captain Flameheart,active,not_listed,live,not_listed,live,pending,not_listed,live,not_listed,live,live,0,5
5531085,First 4 Figures,FiGGYZ - Sea of Thieves - Captain Briggsy,active,not_listed,live,not_listed,live,pending,not_listed,live,not_listed,live,live,0,5
5531086,First 4 Figures,FiGGYZ - Sea of Thieves - The Gold Hoarder,active,not_listed,live,not_listed,live,pending,not_listed,live,not_listed,live,live,0,5
5531087,First 4 Figures,FiGGYZ - Castlevania - Shanoa,active,not_listed,live,not_listed,live,pending,not_listed,live,not_listed,live,live,0,5
5531088,First 4 Figures,FiGGYZ - Castlevania - Jonathan Morris,active,not_listed,live,not_listed,live,pending,not_listed,live,not_listed,live,live,0,5
5531089,First 4 Figures,FiGGYZ - Castlevania - Soma Cruz,active,not_listed,live,not_listed,live,pending,not_listed,live,not_listed,live,live,0,5
5531090,First 4 Figures,FiGGYZ - Metaphor: ReFantazio - Protagonist,active,not_listed,live,not_listed,live,pending,not_listed,live,not_listed,live,live,0,5
5531091,First 4 Figures,FiGGYZ - Metaphor: ReFantazio - Gallica,active,not_listed,live,not_listed,live,pending,not_listed,live,not_listed,live,live,0,5
5531092,First 4 Figures,FiGGYZ - Metaphor: ReFantazio - Strohl,active,not_listed,live,not_listed,live,pending,not_listed,live,not_listed,live,live,0,5
5531093,First 4 Figures,FiGGYZ - Metaphor: ReFantazio - Hulkenberg,active,not_listed,live,not_listed,live,pending,not_listed,live,not_listed,live,live,0,5
5531094,First 4 Figures,FiGGYZ - Metaphor: ReFantazio - Heismay,active,not_listed,live,not_listed,live,pending,not_listed,live,not_listed,live,live,0,5
5531095,First 4 Figures,FiGGYZ - Sonic the Hedgehog (Classic) - Sonic,active,not_listed,live,not_listed,not_listed,pending,not_listed,live,not_listed,live,live,0,4
5531096,First 4 Figures,FiGGYZ - Sonic the Hedgehog (Classic) - Tails,active,not_listed,live,not_listed,live,pending,not_listed,live,not_listed,live,live,0,5
5531097,First 4 Figures,FiGGYZ - Sonic the Hedgehog (Classic) - Knuckles,active,not_listed,live,not_listed,live,pending,not_listed,live,not_listed,live,live,0,5
5531098,First 4 Figures,FiGGYZ - Sonic the Hedgehog (Classic) - Metal Sonic,active,not_listed,live,not_listed,not_listed,pending,not_listed,live,not_listed,live,live,0,4
5531099,First 4 Figures,FiGGYZ - Cowboy Bebop - Spike Spiegel,active,not_listed,live,not_listed,live,pending,not_listed,live,not_listed,live,live,0,5
5531100,First 4 Figures,FiGGYZ - Cowboy Bebop - Jet Black,active,not_listed,live,not_listed,live,pending,not_listed,live,not_listed,live,live,0,5
5531101,First 4 Figures,FiGGYZ - Cowboy Bebop - Faye Valentine,active,not_listed,live,not_listed,live,pending,not_listed,live,not_listed,live,live,0,5
5531102,First 4 Figures,FiGGYZ - Cowboy Bebop - Ed & Ein,active,not_listed,live,not_listed,live,pending,not_listed,live,not_listed,live,live,0,5
5531103,First 4 Figures,FiGGYZ - Banjo-Kazooie - Banjo,active,not_listed,live,not_listed,live,pending,not_listed,live,not_listed,live,live,0,5
5531104,First 4 Figures,FiGGYZ - Banjo-Kazooie - Kazooie,active,not_listed,live,not_listed,live,pending,not_listed,live,not_listed,live,live,0,5
5531105,First 4 Figures,FiGGYZ - Banjo-Kazooie - Gruntilda,active,not_listed,live,not_listed,live,pending,not_listed,live,not_listed,live,live,0,5
5531106,First 4 Figures,FiGGYZ - Darksiders - War,active,not_listed,live,not_listed,live,pending,not_listed,live,not_listed,live,live,0,5
5531107,First 4 Figures,FiGGYZ - Darksiders - Death,active,not_listed,live,not_listed,live,pending,not_listed,live,not_listed,live,live,0,5
5531108,First 4 Figures,FiGGYZ - Darksiders - Fury,active,not_listed,live,not_listed,live,pending,not_listed,live,not_listed,live,live,0,5
5531109,First 4 Figures,FiGGYZ - Darksiders - Strife,active,not_listed,live,not_listed,live,pending,not_listed,live,not_listed,live,live,0,5
5531110,First 4 Figures,FiGGYZ - Mega Man - X,active,not_listed,live,not_listed,live,pending,not_listed,live,not_listed,live,live,0,5
5531111,First 4 Figures,FiGGYZ - Mega Man - Zero,active,not_listed,live,not_listed,live,not_listed,not_listed,live,not_listed,live,live,0,5
5531112,First 4 Figures,FiGGYZ - Mega Man - X Ultimate Armour,active,not_listed,live,not_listed,live,pending,not_listed,live,not_listed,live,live,0,5
5531113,First 4 Figures,FiGGYZ - Frieren: Beyond Journey's End - Frieren in Mimic,active,not_listed,live,not_listed,live,pending,not_listed,live,not_listed,live,live,0,5
5531114,First 4 Figures,FiGGYZ - Frieren: Beyond Journey's End - Himmel,active,not_listed,live,not_listed,live,pending,not_listed,live,not_listed,live,live,0,5
5531115,First 4 Figures,FiGGYZ - Frieren: Beyond Journey's End - Heiter,active,not_listed,live,not_listed,live,not_listed,not_listed,live,not_listed,live,live,0,5
5531116,First 4 Figures,FiGGYZ - Frieren: Beyond Journey's End - Eisen,active,not_listed,live,not_listed,live,pending,not_listed,live,not_listed,live,live,0,5
5531117,First 4 Figures,FiGGYZ - Shenmue - Ryo Hazuki,active,not_listed,live,not_listed,live,pending,not_listed,live,not_listed,live,live,0,5
5531118,First 4 Figures,FiGGYZ - Shenmue - Shenhua Ling,active,not_listed,live,not_listed,live,pending,not_listed,live,not_listed,live,live,0,5
5531119,First 4 Figures,FiGGYZ - Shenmue - Lan Di,active,not_listed,live,not_listed,live,pending,not_listed,live,not_listed,live,live,0,5
5531120,First 4 Figures,FiGGYZ - Shenmue - Wuying Ren,active,not_listed,live,not_listed,live,pending,not_listed,live,not_listed,live,live,0,5
5531121,First 4 Figures,FiGGYZ - Metal Gear Solid 1 - Solid Snake,active,not_listed,live,not_listed,live,pending,not_listed,live,not_listed,live,live,0,5
5531122,First 4 Figures,FiGGYZ - Metal Gear Solid 1 - Psycho Mantis,active,not_listed,live,not_listed,live,pending,not_listed,live,not_listed,live,live,0,5
5531123,First 4 Figures,FiGGYZ - Metal Gear Solid 1 - Liquid Snake,active,not_listed,live,not_listed,live,pending,not_listed,live,not_listed,live,live,0,5
5531124,First 4 Figures,FiGGYZ - Metal Gear Solid 1 - Cyborg Ninja,active,not_listed,live,not_listed,live,pending,not_listed,live,not_listed,live,live,0,5
5531125,First 4 Figures,FiGGYZ - Silent Hill 2 - James Sunderland,active,not_listed,live,not_listed,live,pending,not_listed,live,not_listed,live,live,0,5
5531126,First 4 Figures,FiGGYZ - Silent Hill 2 - Maria,active,not_listed,live,not_listed,live,pending,not_listed,live,not_listed,live,live,0,5
5531127,First 4 Figures,FiGGYZ - Silent Hill 2 - Bubblehead Nurse,active,not_listed,live,not_listed,live,pending,not_listed,live,not_listed,live,live,0,5
5531128,First 4 Figures,FiGGYZ - Silent Hill 2 - Red Pyramid Thing,active,not_listed,live,not_listed,live,pending,not_listed,live,not_listed,live,live,0,5
5531129,First 4 Figures,FiGGYZ - Sonic the Hedgehog (Classic) - Sonic-Act Clear,active,not_listed,live,not_listed,not_listed,pending,not_listed,live,not_listed,live,live,0,4
5531130,First 4 Figures,FiGGYZ - Sonic the Hedgehog (Classic) - Amy,active,not_listed,live,not_listed,live,pending,not_listed,live,not_listed,live,live,0,5
5531131,First 4 Figures,FiGGYZ - Sonic the Hedgehog (Classic) - Super Sonic,active,not_listed,live,not_listed,not_listed,pending,not_listed,live,not_listed,live,live,0,4
5531132,First 4 Figures,FiGGYZ - Sonic the Hedgehog (Classic) - Dr. Eggman,active,not_listed,live,not_listed,live,pending,not_listed,live,not_listed,live,live,0,5
5531133,First 4 Figures,FiGGYZ - Persona 5 - Joker,active,not_listed,live,not_listed,live,pending,not_listed,live,not_listed,live,live,0,5
5531134,First 4 Figures,FiGGYZ - Persona 5 - Mona,active,not_listed,live,not_listed,live,pending,not_listed,live,not_listed,live,live,0,5
5531135,First 4 Figures,FiGGYZ - Persona 5 - Panther,active,not_listed,live,not_listed,live,pending,not_listed,live,not_listed,live,live,0,5
5531136,First 4 Figures,FiGGYZ - Suikoden - Hero,active,not_listed,live,not_listed,live,pending,not_listed,live,not_listed,live,live,0,5
5531137,First 4 Figures,FiGGYZ - Suikoden - Ted,active,not_listed,live,not_listed,live,pending,not_listed,live,not_listed,live,live,0,5
5531138,First 4 Figures,FiGGYZ - Suikoden 2 - Hero 2,active,not_listed,live,not_listed,live,pending,not_listed,live,not_listed,live,live,0,5
5531139,First 4 Figures,FiGGYZ - Suikoden 2 - Jowy,active,not_listed,live,not_listed,live,pending,not_listed,live,not_listed,live,live,0,5
5531140,First 4 Figures,FiGGYZ - Shin Megami Tensei V Vengeance - Nahobino,active,not_listed,live,not_listed,live,pending,not_listed,live,not_listed,live,live,0,5
5531141,First 4 Figures,FiGGYZ - Shin Megami Tensei V Vengeance - Nahobino (New Form),active,not_listed,live,not_listed,live,pending,not_listed,live,not_listed,live,live,0,5
5531142,First 4 Figures,FiGGYZ - Shin Megami Tensei V Vengeance - Aogami,active,not_listed,live,not_listed,live,pending,not_listed,live,not_listed,live,live,0,5
5531143,First 4 Figures,FiGGYZ - Shin Megami Tensei V Vengeance - Yoko Hiromine,active,not_listed,live,not_listed,live,pending,not_listed,live,not_listed,live,live,0,5
5531144,First 4 Figures,FiGGYZ - Shin Megami Tensei V Vengeance - Jack Frost,active,not_listed,live,not_listed,live,pending,not_listed,live,not_listed,live,live,0,5
5531145,First 4 Figures,FiGGYZ - Conker's Bad Fur Day - Conker,active,not_listed,live,not_listed,live,pending,not_listed,live,not_listed,live,live,0,5
5531146,First 4 Figures,FiGGYZ - Conker's Bad Fur Day - Berry,active,not_listed,live,not_listed,live,pending,not_listed,live,not_listed,live,live,0,5
5531147,First 4 Figures,FiGGYZ - Conker's Bad Fur Day - Panther King,active,not_listed,live,not_listed,live,pending,not_listed,live,not_listed,live,live,0,5
5531148,First 4 Figures,FiGGYZ - Skies of Arcadia - Vyse,active,not_listed,live,not_listed,live,pending,not_listed,live,not_listed,live,live,0,5
5531149,First 4 Figures,FiGGYZ - Skies of Arcadia - Aika,active,not_listed,live,not_listed,live,pending,not_listed,live,not_listed,live,live,0,5
5531150,First 4 Figures,FiGGYZ - Skies of Arcadia - Fina,active,not_listed,live,not_listed,live,pending,not_listed,live,not_listed,live,live,0,5
5531151,First 4 Figures,FiGGYZ - Sea of Thieves - Kraken,active,not_listed,live,not_listed,live,pending,not_listed,live,not_listed,live,live,0,5
5531152,First 4 Figures,FiGGYZ - Sea of Thieves - The Hungering One,active,not_listed,live,not_listed,live,pending,not_listed,live,not_listed,live,live,0,5
5531153,First 4 Figures,FiGGYZ - Sea of Thieves - The Pirate Lord,active,not_listed,live,not_listed,live,pending,not_listed,live,not_listed,live,live,0,5
5531154,First 4 Figures,FiGGYZ - Yu-Gi-Oh! - Seto Kaiba,active,not_listed,live,not_listed,not_listed,not_listed,not_listed,live,not_listed,live,live,0,4
5531155,First 4 Figures,FiGGYZ - Yu-Gi-Oh! - Blue-Eyes Ultimate Dragon,active,not_listed,live,not_listed,live,pending,not_listed,live,not_listed,live,live,0,5
5531156,First 4 Figures,FiGGYZ - Yu-Gi-Oh! - Blue-Eyes White Dragon,active,not_listed,live,not_listed,live,pending,not_listed,live,not_listed,live,live,0,5
5531157,First 4 Figures,FiGGYZ - Yu-Gi-Oh! - Saggi the Dark Clown,active,not_listed,live,not_listed,not_listed,not_listed,not_listed,live,not_listed,live,live,0,4
5531158,First 4 Figures,FiGGYZ - Metal Gear Solid 2 - Solid Snake (Hero Pose),active,not_listed,live,not_listed,live,pending,not_listed,live,not_listed,live,live,0,5
5531159,First 4 Figures,FiGGYZ - Metal Gear Solid 2 - Raiden,active,not_listed,live,not_listed,live,pending,not_listed,live,not_listed,live,live,0,5
5531160,First 4 Figures,FiGGYZ - Metal Gear Solid 2 - Solidus Snake,active,not_listed,live,not_listed,live,pending,not_listed,live,not_listed,live,live,0,5
5531161,First 4 Figures,FiGGYZ - Metal Gear Solid 2 - Revolver Ocelot,active,not_listed,live,not_listed,not_listed,not_listed,not_listed,live,not_listed,live,live,0,4
5531162,First 4 Figures,FiGGYZ - Persona 3 Reload - Protagonist,active,not_listed,live,not_listed,live,pending,not_listed,live,not_listed,live,live,0,5
5531163,First 4 Figures,FiGGYZ - Persona 3 Reload - Yukari Takeba,active,not_listed,live,not_listed,live,pending,not_listed,live,not_listed,live,live,0,5
5531164,First 4 Figures,FiGGYZ - Persona 3 Reload - Junpei Iori,active,not_listed,live,not_listed,live,pending,not_listed,live,not_listed,live,live,0,5
5531165,First 4 Figures,FiGGYZ - Sonic the Hedgehog (Modern) - Sonic,active,not_listed,live,not_listed,not_listed,pending,not_listed,live,not_listed,live,live,0,4
5531166,First 4 Figures,FiGGYZ - Sonic the Hedgehog (Modern) - Tails,active,not_listed,live,not_listed,not_listed,pending,not_listed,live,not_listed,live,live,0,4
5531167,First 4 Figures,FiGGYZ - Sonic the Hedgehog (Modern) - Shadow,active,not_listed,live,not_listed,not_listed,pending,not_listed,live,not_listed,live,live,0,4
5531168,First 4 Figures,FiGGYZ - Sonic the Hedgehog (Modern) - Silver,active,not_listed,not_listed,not_listed,not_listed,not_listed,not_listed,live,not_listed,live,live,0,3
5531169,First 4 Figures,FiGGYZ - Metal Gear Solid 3 - Naked Snake,active,live,live,not_listed,live,pending,not_listed,live,not_listed,live,live,0,6
5531170,First 4 Figures,FiGGYZ - Metal Gear Solid 3 - Big Boss (Grave Salute),active,not_listed,live,not_listed,live,pending,not_listed,live,not_listed,live,live,0,5
5531171,First 4 Figures,FiGGYZ - Metal Gear Solid 3 - The Boss,active,live,live,not_listed,live,pending,not_listed,live,not_listed,live,live,0,6
5531172,First 4 Figures,FiGGYZ - Metal Gear Solid 3 - Young Ocelot,active,live,live,not_listed,live,pending,not_listed,live,not_listed,live,live,0,6
5531173,First 4 Figures,FiGGYZ - Castlevania Symphony of the Night - Alucard,active,not_listed,live,not_listed,live,pending,not_listed,live,not_listed,live,live,0,5
5531174,First 4 Figures,FiGGYZ - Castlevania Symphony of the Night - Dracula,active,not_listed,live,not_listed,live,pending,not_listed,live,not_listed,live,live,0,5
5531175,First 4 Figures,FiGGYZ - Castlevania Symphony of the Night - Richter,active,not_listed,live,not_listed,live,pending,not_listed,live,not_listed,live,live,0,5
5531176,First 4 Figures,FiGGYZ - Mega Man - Mega Man,active,not_listed,live,not_listed,not_listed,not_listed,not_listed,live,not_listed,live,live,0,4
5531177,First 4 Figures,FiGGYZ - Mega Man - Proto Man,active,not_listed,live,not_listed,live,pending,not_listed,live,not_listed,live,live,0,5
5531178,First 4 Figures,FiGGYZ - Mega Man - Bass,active,not_listed,live,not_listed,live,pending,not_listed,live,not_listed,live,live,0,5
5531179,First 4 Figures,FiGGYZ - Yu-Gi-Oh! - Joey Wheeler,active,not_listed,live,not_listed,live,pending,not_listed,live,not_listed,live,live,0,5
5531180,First 4 Figures,FiGGYZ - Yu-Gi-Oh! - Red-Eyes B. Dragon,active,not_listed,live,not_listed,live,pending,not_listed,live,not_listed,live,live,0,5
5531181,First 4 Figures,FiGGYZ - Yu-Gi-Oh! - Jinzo,active,not_listed,live,not_listed,live,pending,not_listed,live,not_listed,live,live,0,5
5531182,First 4 Figures,FiGGYZ - Yu-Gi-Oh! - Time Wizard,active,not_listed,live,not_listed,live,pending,not_listed,live,not_listed,live,live,0,5
5531183,First 4 Figures,FiGGYZ - Yu-Gi-Oh! - Yami Marik,active,not_listed,live,not_listed,live,pending,not_listed,live,not_listed,live,live,0,5
5531184,First 4 Figures,FiGGYZ - Yu-Gi-Oh! - Obelisk the Tormentor,active,not_listed,live,not_listed,live,pending,not_listed,live,not_listed,live,live,0,5
5531185,First 4 Figures,FiGGYZ - Yu-Gi-Oh! - Slifer the Sky Dragon,active,not_listed,live,not_listed,live,pending,not_listed,live,not_listed,live,live,0,5
5531186,First 4 Figures,FiGGYZ - Yu-Gi-Oh! - The Winged Dragon of Ra,active,not_listed,live,not_listed,live,pending,not_listed,live,not_listed,live,live,0,5
5531187,First 4 Figures,FiGGYZ - Frieren: Beyond Journey's End - Freiren (Battle Pose),active,not_listed,live,not_listed,live,pending,not_listed,live,not_listed,live,live,0,5
5531188,First 4 Figures,FiGGYZ - Frieren: Beyond Journey's End - Fern (Battle Pose),active,not_listed,live,not_listed,live,pending,not_listed,live,not_listed,live,live,0,5
5531189,First 4 Figures,FiGGYZ - Frieren: Beyond Journey's End - Stark (Battle Pose),active,not_listed,live,not_listed,live,pending,not_listed,live,not_listed,live,live,0,5
5531190,First 4 Figures,FiGGYZ - Frieren: Beyond Journey's End - Sein (Battle pose),active,not_listed,live,not_listed,live,pending,not_listed,live,not_listed,live,live,0,5
5531191,First 4 Figures,FiGGYZ - Sonic the Hedgehog (Modern) - Super Sonic,active,not_listed,live,not_listed,live,pending,not_listed,live,not_listed,live,live,0,5
5531192,First 4 Figures,FiGGYZ - Sonic the Hedgehog (Modern) - Knuckles,active,not_listed,live,not_listed,live,pending,not_listed,live,not_listed,live,live,0,5
5531193,First 4 Figures,FiGGYZ - Sonic the Hedgehog (Modern) - Metal Sonic,active,not_listed,live,not_listed,not_listed,pending,not_listed,live,not_listed,live,live,0,4
5531194,First 4 Figures,FiGGYZ - Sonic the Hedgehog (Modern) - Dr. Eggman,active,not_listed,live,not_listed,live,pending,not_listed,live,not_listed,live,live,0,5
5531195,First 4 Figures,FiGGYZ - Golden Axe - Ax Battler,active,not_listed,live,not_listed,live,pending,not_listed,live,not_listed,live,live,0,5
5531196,First 4 Figures,FiGGYZ - Golden Axe - Tyris Flare,active,not_listed,live,not_listed,live,pending,not_listed,live,not_listed,live,live,0,5
5531197,First 4 Figures,FiGGYZ - Golden Axe - Gilius Thunderhead,active,not_listed,live,not_listed,live,pending,not_listed,live,not_listed,live,live,0,5
5531198,First 4 Figures,FiGGYZ - Golden Axe - Death Adder,active,not_listed,live,not_listed,not_listed,not_listed,not_listed,live,not_listed,live,live,0,4
5531203,First 4 Figures,FiGGYZ - Streets of Rage - Axel Stone,active,not_listed,live,not_listed,live,pending,not_listed,live,not_listed,live,live,0,5
5531204,First 4 Figures,FiGGYZ - Streets of Rage - Blaze Fielding,active,not_listed,live,not_listed,live,pending,not_listed,live,not_listed,live,live,0,5
5531205,First 4 Figures,FiGGYZ - Streets of Rage - Adam Hunter,active,not_listed,live,not_listed,not_listed,not_listed,not_listed,live,not_listed,live,live,0,4
5531206,First 4 Figures,FiGGYZ - Streets of Rage - Mr. X,active,not_listed,live,not_listed,not_listed,not_listed,not_listed,live,not_listed,live,live,0,4
5531207,First 4 Figures,FiGGYZ - Cowboy Bebop - Vicious,active,not_listed,live,not_listed,not_listed,not_listed,not_listed,live,not_listed,live,live,0,4
5531208,First 4 Figures,FiGGYZ - Cowboy Bebop - Julia,active,not_listed,live,not_listed,live,pending,not_listed,live,not_listed,live,live,0,5
5531209,First 4 Figures,FiGGYZ - Cowboy Bebop - Gren,active,not_listed,live,not_listed,live,pending,not_listed,live,not_listed,live,live,0,5
5531210,First 4 Figures,FiGGYZ - Cowboy Bebop - Andy,active,not_listed,live,not_listed,live,pending,not_listed,live,not_listed,live,live,0,5
5531211,First 4 Figures,FiGGYZ - Catherine  - Vincent Brooks,active,not_listed,live,not_listed,live,pending,not_listed,live,not_listed,live,live,0,5
5531212,First 4 Figures,FiGGYZ - Catherine  - Rin,active,not_listed,live,not_listed,live,pending,not_listed,live,not_listed,live,live,0,5
5531213,First 4 Figures,FiGGYZ - Catherine  - Katherine Mcbride,active,not_listed,live,not_listed,not_listed,not_listed,not_listed,live,not_listed,live,live,0,4
5531214,First 4 Figures,FiGGYZ - Catherine  - Catherine,active,not_listed,live,not_listed,live,pending,not_listed,live,not_listed,live,pending,0,4
5531215,First 4 Figures,FiGGYZ - Persona 3 Reload - Akihiko Sanada,active,not_listed,live,not_listed,not_listed,not_listed,not_listed,live,not_listed,live,live,0,4
5531216,First 4 Figures,FiGGYZ - Persona 3 Reload - Mitsuru Kirijo,active,not_listed,live,not_listed,not_listed,not_listed,not_listed,live,not_listed,live,live,0,4
5531217,First 4 Figures,FiGGYZ - Persona 3 Reload - Fuuka Yamagishi,active,not_listed,live,not_listed,not_listed,not_listed,not_listed,live,not_listed,live,live,0,4
5531218,First 4 Figures,FiGGYZ - Persona 5 - Skull,active,not_listed,live,not_listed,live,pending,not_listed,live,not_listed,live,live,0,5
5531219,First 4 Figures,FiGGYZ - Persona 5 - Queen,active,not_listed,live,not_listed,live,pending,not_listed,live,not_listed,live,live,0,5
5531220,First 4 Figures,FiGGYZ - Persona 5 - Fox,active,not_listed,live,not_listed,live,pending,not_listed,live,not_listed,live,live,0,5
5531225,First 4 Figures,FiGGYZ - Banjo-Kazooie - Mumbo Jumbo,active,not_listed,live,not_listed,live,pending,not_listed,live,not_listed,live,live,0,5
5531226,First 4 Figures,FiGGYZ - Banjo-Kazooie - Jinjos,active,not_listed,live,not_listed,live,pending,not_listed,live,not_listed,live,live,0,5
5531227,First 4 Figures,FiGGYZ - Banjo-Kazooie - Bottles,active,not_listed,live,not_listed,not_listed,pending,not_listed,live,not_listed,live,live,0,4
5531525,Headstart Inc,Disney Toddler Winnie the Pooh Hunny Pot Shape Sorter,discontinued,not_listed,not_listed,not_listed,not_listed,not_listed,not_listed,live,not_listed,not_listed,not_listed,0,1
5531526,Headstart Inc,Disney Toddler Winnie the Pooh Stacking Cups,active,not_listed,not_listed,not_listed,not_listed,not_listed,not_listed,live,not_listed,not_listed,not_listed,0,1
5531527,Headstart Inc,Disney Toddler Real Feels Winnie the Pooh Plush,active,not_listed,not_listed,not_listed,not_listed,not_listed,not_listed,live,not_listed,not_listed,not_listed,0,1
5531528,Headstart Inc,Disney Toddler Winnie the Pooh Learning Bundle – Real Feels Plush & Stacking Cups,active,not_listed,not_listed,not_listed,not_listed,not_listed,not_listed,live,not_listed,not_listed,not_listed,0,1
5531529,Headstart Inc,Disney Toddler Winnie the Pooh Hunny Pot Walker,active,not_listed,not_listed,not_listed,not_listed,not_listed,not_listed,live,not_listed,not_listed,not_listed,0,1
5531530,Headstart Inc,Disney Toddler Stitch Ring Stacker,active,not_listed,not_listed,not_listed,not_listed,not_listed,not_listed,live,not_listed,not_listed,not_listed,0,1
5531531,Headstart Inc,Disney Toddler Stitch Shake It Up Feature Plush,active,not_listed,not_listed,not_listed,not_listed,not_listed,not_listed,live,not_listed,not_listed,not_listed,0,1
5531532,Headstart Inc,Disney Toddler Stitch Learning Bundle – Sensory Plush & Ring Stacker,active,not_listed,not_listed,not_listed,not_listed,not_listed,not_listed,live,not_listed,not_listed,not_listed,0,1
5531533,Headstart Inc,Toy Story Push N Play Vehicles,discontinued,not_listed,not_listed,not_listed,not_listed,not_listed,not_listed,live,not_listed,not_listed,not_listed,0,1
5531534,Headstart Inc,Toy Story Buzz Lightyear Feature Plush with Projector Light,active,not_listed,not_listed,not_listed,not_listed,not_listed,not_listed,live,not_listed,not_listed,not_listed,0,1
5531535,Headstart Inc,Disney Toddler Mickey Mouse Shape O’Clock Learning Toy,active,not_listed,not_listed,not_listed,not_listed,not_listed,not_listed,live,not_listed,not_listed,not_listed,0,1
5531536,Headstart Inc,Disney Toddler Learn & Play Mickey Mouse Plush,active,not_listed,not_listed,not_listed,not_listed,not_listed,not_listed,live,not_listed,not_listed,not_listed,0,1
5531537,Headstart Inc,Disney Toddler Learn & Play Minnie Mouse Plush,active,not_listed,not_listed,not_listed,not_listed,not_listed,not_listed,live,not_listed,not_listed,not_listed,0,1
5531541,Headstart Inc,"Mermaid Magic 9"" Doll - Merlinda",active,not_listed,not_listed,not_listed,not_listed,not_listed,not_listed,live,not_listed,not_listed,not_listed,0,1
5531542,Headstart Inc,"Mermaid Magic 9"" Doll - Sasha",active,not_listed,not_listed,not_listed,not_listed,not_listed,not_listed,live,not_listed,not_listed,not_listed,0,1
5531543,Headstart Inc,"Mermaid Magic 9"" Doll - Nerissa",active,not_listed,not_listed,not_listed,not_listed,not_listed,not_listed,live,not_listed,not_listed,not_listed,0,1
5531544,Headstart Inc,"Mermaid Magic  9"" Warrior Transformation Doll  - Merlinda",active,not_listed,not_listed,not_listed,not_listed,not_listed,not_listed,live,not_listed,not_listed,not_listed,0,1
5531545,Headstart Inc,"Mermaid Magic  9"" Warrior Transformation Doll  - Sasha",active,not_listed,not_listed,not_listed,not_listed,not_listed,not_listed,live,not_listed,not_listed,not_listed,0,1
5531546,Headstart Inc,"Mermaid Magic  9"" Warrior Transformation Doll - Nerissa",active,not_listed,not_listed,not_listed,not_listed,not_listed,not_listed,live,not_listed,not_listed,not_listed,0,1
5531547,Headstart Inc,Mermaid Magic Light Up Musical Necklace,active,not_listed,not_listed,not_listed,not_listed,not_listed,not_listed,live,not_listed,not_listed,not_listed,0,1
5531548,Headstart Inc,Mermaid Magic Accessory Set - Merlinda,active,not_listed,not_listed,not_listed,not_listed,not_listed,not_listed,live,not_listed,not_listed,not_listed,0,1
5529888,KSM Toys,"ToyLet Potty Training Toilet Seat | Toddler Potty Training with Comfy Seat Cover, Tank Storage & Paper Roll Holder | Easy to Empty and Clean | Soft & Comfortable Potty Trainer for Boys & Girls (Pink)",active,not_listed,not_listed,not_listed,not_listed,not_listed,not_listed,live,not_listed,not_listed,live,0,2
5529889,KSM Toys,"ToyLet Potty Training Toilet Seat | Toddler Potty Training with Comfy Seat Cover, Tank Storage & Paper Roll Holder | Easy to Empty and Clean | Soft & Comfortable Potty Trainer for Boys & Girls (Blue)",active,not_listed,not_listed,not_listed,not_listed,not_listed,live,live,not_listed,not_listed,live,0,3
5529899,KSM Toys,"Powerful Giants Crane - Realistic, Fully Articulated Toy for Imaginative Play | UV-Protected, Durable Construction",active,pending,not_listed,not_listed,not_listed,pending,live,live,not_listed,not_listed,live,0,3
5529900,KSM Toys,Lena Ksmtoys Construction Toys Powerful Giants Toy Garbage Truck with Garbage and Recycle Bin and Dumpster in Yellow and Black Toys for Boys or Girls Age 3+,active,pending,not_listed,not_listed,not_listed,not_listed,live,live,not_listed,not_listed,live,0,3
5529911,KSM Toys,Grip & Tricks Mini Pro Finger Blue Scooter Set with Changeable Tires and Handlebar,active,live,not_listed,not_listed,not_listed,not_listed,live,live,not_listed,not_listed,not_listed,0,3
5529912,KSM Toys,"Grip and Tricks - Finger Scooter - Skate - Pack1 - Dimensions: 22 X 13,5 X 2 cm",active,not_listed,not_listed,not_listed,not_listed,not_listed,live,live,not_listed,not_listed,not_listed,0,2
5529913,KSM Toys,Grip & Tricks Mini Pro Skate Park X-TREM Rider Shop Set,active,pending,not_listed,not_listed,not_listed,not_listed,live,live,not_listed,not_listed,not_listed,0,2
5529914,KSM Toys,RAMPS for Finger Skate - Halfpipe Slider with 1 Fingerboard - Dimensions: 28 X 12 X 10 cm by Grip&Tricks,active,not_listed,not_listed,not_listed,not_listed,not_listed,live,live,not_listed,not_listed,not_listed,0,2
5529918,KSM Toys,Bolz 52315 Multicolor Spinning Top Toy,active,live,not_listed,not_listed,not_listed,not_listed,not_listed,live,not_listed,not_listed,live,0,3
5529920,KSM Toys,Choral Multicolor Music Spin Top Toy toupi for Children from KsmToys Bolz. The Funny Buzzing Choral Hum Gets Louder As The Top Spins Faster Ages 18 m+,active,not_listed,not_listed,not_listed,not_listed,not_listed,live,live,not_listed,not_listed,live,0,3
5529922,KSM Toys,"Tap-Along Sounder Snare Drum with Double Sided Batter Head Toy Tambourine Drum for Kids, Musical toys for Children 12 Months and Up Realistic Look with 2 Drum Sticks 10X10X4",active,not_listed,not_listed,not_listed,not_listed,not_listed,not_listed,live,not_listed,not_listed,live,0,2
5529923,KSM Toys,"Tap-Along Sounder Timbale Drum with Double Sided Batter Head Toy Tambourine Drum for Kids, Musical Instrument for Children 12 Months and Up Realistic Look with 2 Drum Sticks 10X10X8",active,not_listed,not_listed,not_listed,not_listed,not_listed,not_listed,live,not_listed,not_listed,live,0,2
5529924,KSM Toys,"Tap-Along Sounder Timbale Drum with Double Sided Batter Head Toy Tambourine Drum for Kids, Musical Instrument for Children 12 Months and Up Realistic Look with 2 Drum Sticks 10X10X8",active,not_listed,not_listed,not_listed,not_listed,not_listed,live,live,not_listed,not_listed,live,0,3
5529925,KSM Toys,My First Toy Trumpet for Kids in Silver Finish with 4 Keys is a Great Learning Kid Toy Instrument and Teaching Tool for Children Ages 3+ BPA Free.,active,not_listed,not_listed,not_listed,not_listed,not_listed,not_listed,live,not_listed,not_listed,live,0,2
5529926,KSM Toys,My First Toy Saxafone for Kids in Silver Finish with Standard Keys is a Great Learning Kid Toy Instrument and Teaching Tool for Children Ages 3+ BPA Free.,active,not_listed,not_listed,not_listed,not_listed,not_listed,not_listed,live,not_listed,not_listed,live,0,2
5529927,KSM Toys,My First Toy Clarinet for Kids in Silver Finish with Standard Keys is a Great Learning Kid Toy Instrument and Teaching Tool for Children Ages 3+ BPA Free.,active,not_listed,not_listed,not_listed,not_listed,not_listed,not_listed,live,not_listed,not_listed,live,0,2
5529928,KSM Toys,"Toy Instruments Set Trumpet, Saxophone and Clarient with Standard Keys in Perfect Pitch are Easy and intuitive to Create Real Music. Instruments Measures 16 inches in Length.",active,not_listed,not_listed,not_listed,not_listed,not_listed,not_listed,live,not_listed,not_listed,live,0,2
5531491,KSM Toys,"Lena 52120 tin Toys Panorama Ø19 cm, Plastic Humming, Classical Pump Mechanism, Musical Locomotive, Stand, Spinning top for Children from 18 Months, Colourful",active,not_listed,not_listed,not_listed,not_listed,not_listed,not_listed,live,not_listed,not_listed,pending,0,1
5531492,KSM Toys,"Classic Train Spinning Top Toy from KsmToys by Bolz. Real Action and Sounds when the top spins. Durable 9.5"" x 7.5"" x 7.5"" Ages 18 m+",active,live,not_listed,not_listed,not_listed,not_listed,not_listed,live,not_listed,not_listed,pending,0,2
5531493,KSM Toys,"Classic Train Spinning Top Toy Real Action and Sounds When The top Spins. Durable 9.5"" x 7.5"" x 7.5"" Ages 18 m+",active,not_listed,not_listed,not_listed,not_listed,not_listed,not_listed,live,not_listed,not_listed,pending,0,1
5531494,KSM Toys,Classic Multicolor CHORAL musical Spinning Tin Top Toy from KsmToys by Bolz. The Buzzing Hum Gets Louder As The Top Spins Faster. 18M+,active,not_listed,not_listed,not_listed,not_listed,not_listed,not_listed,live,not_listed,not_listed,live,0,2
5531495,KSM Toys,"Bolz Playbox Music Spinning Top Toy for Children, The Funny Buzzing Hum Gets Louder As The Top Spins Faster, So Durable",active,live,not_listed,not_listed,not_listed,not_listed,not_listed,live,not_listed,not_listed,live,0,3
5531496,KSM Toys,"Bolz Classic Playbox Music Spinning Tin Top Toy from KsmToys The Funny Buzzing Hum Gets Louder As The Top Spins Faster, Ages 18 m+",active,live,not_listed,not_listed,not_listed,not_listed,not_listed,live,not_listed,not_listed,live,0,3
5531497,KSM Toys,"Classic Music Box Spinning Tin Top Toy from KsmToys by Bolz. The Funny Buzzing Hum Gets Louder As The Top Spins Faster, 7.5"" x 7.5"" x 7.5"" Ages 18 m+",active,not_listed,not_listed,not_listed,not_listed,not_listed,not_listed,live,not_listed,not_listed,live,0,2
5531498,KSM Toys,"Classic Multicolour Spinning Tin Top Toy from KsmToys by Bolz. The Funny Buzzing Hum Gets Louder As The Top Spins Faster, 7.5"" x 7.5"" x 7.5"" Ages 18 m+",active,not_listed,not_listed,not_listed,not_listed,not_listed,not_listed,live,not_listed,not_listed,live,0,2
5531499,KSM Toys,"Classic Multicolored Spinning Tin Top Toy Bolz Funny Buzzing Hum Gets Louder As The Top Spins Faster 8x8x8"" Ages 18 m+",active,not_listed,not_listed,not_listed,not_listed,not_listed,not_listed,live,not_listed,not_listed,live,0,2
5531500,KSM Toys,"ToyLet Toilet Training Potty for Baby or Toddler with Comfy Toilet seat, Cover, flushable Wipes Storage & Paper roll Holder, Potty Training for Girls & Boys White",active,not_listed,not_listed,not_listed,not_listed,not_listed,not_listed,live,not_listed,not_listed,pending,0,1
5531501,KSM Toys,"ToyLet Toilet Training Potty for Baby or Toddler with Comfy Toilet seat, Cover, flushable Wipes Storage & Paper roll Holder, Potty Training for Girls & Boys White",active,not_listed,not_listed,not_listed,not_listed,not_listed,not_listed,live,not_listed,not_listed,pending,0,1
5531502,KSM Toys,"Toylet Potty Training Toilet with Comfy Potty Training Seat Cover, Tank Storage & Paper Roll Holder is A Training Potty for Girls & Boys - Potty Chair (BLUE) by KsmToys",active,not_listed,not_listed,not_listed,not_listed,not_listed,not_listed,live,not_listed,not_listed,live,0,2
5531503,KSM Toys,"Toylet Potty Training Toilet with Comfy Potty Training Seat Cover, Tank Storage & Paper Roll Holder is A Training Potty for Girls & Boys - Potty Chair (Pink) by KsmToys",active,not_listed,not_listed,not_listed,not_listed,not_listed,not_listed,live,not_listed,not_listed,pending,0,1
5531504,KSM Toys,"ksmtoys Lena Construction Toys Powerful Giants Toy Garbage Truck with Garbage and Recycle Bins in Yellow and Black Toys for Boys or Girls Age 3+, orange gray black, X-Large",active,not_listed,not_listed,not_listed,not_listed,not_listed,not_listed,live,not_listed,not_listed,live,0,2
5531505,KSM Toys,ksmtoys Lena Construction Toys Powerful Giants Toy Crane Truck with 360° Rotating and 3 ft extendable Boom in Yellow and Black Fully Functional Toys for Boys or Girls Age 3+,active,not_listed,not_listed,not_listed,not_listed,not_listed,not_listed,live,not_listed,not_listed,live,0,2
5531506,KSM Toys,Lena Eco Active Excavator Toy Truck | Kids Digger Excavator for Indoor and Outdoor Play | BPA and Phthalates Free Food Grade Resin and Environmental Friendly Construction Vehicle Toy (Yellow)(11x8x6),active,not_listed,not_listed,not_listed,not_listed,not_listed,not_listed,live,not_listed,not_listed,live,0,2
5531507,KSM Toys,"Ksmtoys Lena Licensed MercedesACTROS Dump Truck, Red, Silver and Black, 1:15 Scale Model",active,not_listed,not_listed,not_listed,not_listed,not_listed,not_listed,live,not_listed,not_listed,live,0,2
5531508,KSM Toys,"Lena ACTROS Toy Garbage Truck for 3 Year Old Boys and Girls Realistic Trash Waste Management Garbage bin Orange and Silver, 1:15 Scale Model",active,not_listed,not_listed,not_listed,not_listed,not_listed,not_listed,live,not_listed,not_listed,live,0,2
5531509,KSM Toys,"Lena 4616 Worxx articulated tipper Volvo A25G, dump truck made of ABS plastic with rubber tyres and steel axles, construction vehicle with articulated steering, toy dumper for children from 3 years, truck yellow, black",active,not_listed,not_listed,not_listed,not_listed,not_listed,not_listed,live,not_listed,not_listed,live,0,2
5531510,KSM Toys,"Lena Eco Active Earth Mover Front Loader Bulldozer Truck is a Eco Friendly BPA and Phthalates Free Biodegradable Green Toy Manufactured from Food Grade Resin and Wood, Yellow, 11x8x6",active,not_listed,not_listed,not_listed,not_listed,not_listed,not_listed,live,not_listed,not_listed,live,0,2
5531511,KSM Toys,"LENA Eco Active Garbage Truck Toy for Kids, Easy Grab Handle and Flip Open Cab. Indoor or Sandbox toy.",active,not_listed,not_listed,not_listed,not_listed,not_listed,not_listed,live,not_listed,not_listed,live,0,2
5531512,KSM Toys,"LENA Eco Active Cement Mixer Toy Truck for Kids, Easy Grab Handle and Flip Open Cab, Super Sturdy Construction for Sanbox or indoor Action",active,not_listed,not_listed,not_listed,not_listed,not_listed,not_listed,live,not_listed,not_listed,live,0,2
5531513,KSM Toys,"Grip & Tricks Pro Finger Scooter Set for Kids | Mini Scooter Finger Set with Changeable Tires, Handlebar & Mini Fingerboards Accessories Finger Scooter Toys for Xtreme Sports Tricks & Stunts BLUE",active,not_listed,not_listed,not_listed,not_listed,not_listed,not_listed,live,not_listed,not_listed,live,0,2
5531514,KSM Toys,Grip & Tricks Mini Pro Skate Park X-TREM Rider Shop Set | Mini Skatepark for Fingers with Halfpipe Ramp & Skateboard Toys Set | Finger Toys BMX for Xtreme Sports Tricks & Stunts | (Multicolored),active,not_listed,not_listed,not_listed,not_listed,not_listed,not_listed,live,not_listed,not_listed,live,0,2
5531515,KSM Toys,"Grip & Tricks Pro Mini Finger Scooter Set for Kids | Mini scooter finger With Changeable Tires, Handlebar & Mini Fingerboards Accessories  Finger Scooter Toys for Xtreme Sports Tricks & Stunts Green",active,not_listed,not_listed,not_listed,not_listed,not_listed,not_listed,live,not_listed,not_listed,pending,0,1
5531516,KSM Toys,"Grip & Tricks Pro Mini Finger Scooter Set for Kids | Mini Scooter Finger with Changeable Tires, Handlebar & Mini Fingerboards Accessories Finger Scooter Toys for Xtreme Sports Tricks & Stunts White",active,not_listed,not_listed,not_listed,not_listed,not_listed,not_listed,live,not_listed,not_listed,not_listed,0,1
5531518,KSM Toys,RAMPS FOR FINGER SKATE - FUNBOX AND STAIRS - Fingerboard - Penny Board : Dimensions: 28 X 12 X 10 cm,active,not_listed,not_listed,not_listed,not_listed,not_listed,not_listed,live,not_listed,not_listed,pending,0,1
5531421,Smartivity,Food Body & Nutrition,active,not_listed,not_listed,not_listed,live,pending,not_listed,not_listed,not_listed,live,pending,0,2
5531538,Spinmaster,"DREAMWORKS GABBY'S DOLLHOUSE, 14 Pc Celebration Dollhouse, 25-Inches Tall, with Toy Figures, Doll House Furniture & 10 Sounds, Kids Toys for Girls & Boys Ages 3+",active,not_listed,not_listed,not_listed,live,not_listed,not_listed,live,not_listed,live,live,0,4
5531539,Spinmaster,"4D Build, Star Wars Jabba’s Palace 3D Model Kit, Star Wars Collectibles & Desk Décor, Adult Puzzles, Building Toys, 3D Puzzles for Adults & Teens, 340 Pieces, Gift Ideas for Ages 12 & Up",active,not_listed,not_listed,not_listed,not_listed,not_listed,not_listed,live,not_listed,live,live,0,3
5531540,Spinmaster,"4D Build, Harry Potter Deluxe Hogwarts Castle 3D Model Kit with Tower & Great Hall, Harry Potter Collectibles & Desk Decor, Building Toys, 384 Pieces, 3D Puzzles, Gift Ideas for Ages 12 & Up",active,not_listed,not_listed,not_listed,live,not_listed,not_listed,live,not_listed,live,pending,0,3
5531001,Wishbone Products Inc,Lil Squeezers  with 3.5 ounces solution - Monkey,active,not_listed,live,not_listed,live,pending,not_listed,live,not_listed,live,pending,0,4
5531002,Wishbone Products Inc,Lil Squeezers  with 3.5 ounces solution - Blowfish,active,pending,live,not_listed,live,pending,not_listed,live,not_listed,live,pending,0,4
5531003,Wishbone Products Inc,Lil Squeezers  with 3.5 ounces solution - Brown Bear,active,pending,live,not_listed,live,pending,not_listed,live,not_listed,live,pending,0,4
5531004,Wishbone Products Inc,Lil Squeezers  with 3.5 ounces solution -Black Bear,active,pending,live,not_listed,live,pending,not_listed,live,not_listed,live,pending,0,4
